rsi_length,rsi_overbought,rsi_oversold,sl_multiplier,tp_multiplier,total_pnl,max_drawdown,total_trades,profitable_trades,profitable_pct,profit_factor,final_equity
2,60.0,40.0,0.1,1.0,-9.0259,9.03,24,2,8.33,0.0627,90.97
2,60.0,40.0,0.1,1.1,-12.3984,12.4,31,5,16.13,0.0642,87.6
2,60.0,40.0,0.1,1.2,-14.6102,14.61,38,5,13.16,0.0746,85.39
2,60.0,40.0,0.1,1.3,-16.5947,16.59,44,5,11.36,0.0831,83.41
2,60.0,40.0,0.1,1.4,-17.3068,17.31,45,8,17.78,0.0898,82.69
2,60.0,40.0,0.1,1.5,-21.5456,21.55,55,8,14.55,0.0905,78.45
2,60.0,40.0,0.1,1.6,-24.7057,24.71,64,11,17.19,0.0968,75.29
2,60.0,40.0,0.1,1.7,-29.7532,29.77,74,11,14.86,0.0881,70.25
2,60.0,40.0,0.1,1.8,-34.3043,34.36,84,13,15.48,0.0907,65.7
2,60.0,40.0,0.1,1.9,-34.6558,34.74,86,13,15.12,0.1037,65.34
2,60.0,40.0,0.1,2.0,-39.4117,39.53,97,14,14.43,0.1048,60.59
2,60.0,40.0,0.1,2.1,-42.0492,42.07,104,15,14.42,0.0993,57.95
2,60.0,40.0,0.1,2.2,-44.3163,44.39,111,16,14.41,0.106,55.68
2,60.0,40.0,0.1,2.3,-46.6858,46.81,119,17,14.29,0.1121,53.31
2,60.0,40.0,0.1,2.4,-48.4264,48.61,126,19,15.08,0.1196,51.57
2,60.0,40.0,0.1,2.5,-52.1406,52.38,132,18,13.64,0.1194,47.86
2,60.0,40.0,0.2,1.0,-10.5933,10.59,24,1,4.17,0.0527,89.41
2,60.0,40.0,0.2,1.1,-13.5348,13.53,31,5,16.13,0.0591,86.47
2,60.0,40.0,0.2,1.2,-15.8871,15.89,38,5,13.16,0.069,84.11
2,60.0,40.0,0.2,1.3,-17.997,18.0,44,5,11.36,0.0771,82.0
2,60.0,40.0,0.2,1.4,-17.9611,17.96,45,9,20.0,0.096,82.04
2,60.0,40.0,0.2,1.5,-22.3687,22.37,55,9,16.36,0.0968,77.63
2,60.0,40.0,0.2,1.6,-26.5689,26.57,64,11,17.19,0.0913,73.43
2,60.0,40.0,0.2,1.7,-28.7541,28.77,72,12,16.67,0.1011,71.25
2,60.0,40.0,0.2,1.8,-34.5091,34.56,82,13,15.85,0.0902,65.49
2,60.0,40.0,0.2,1.9,-35.4418,35.53,84,13,15.48,0.1016,64.56
2,60.0,40.0,0.2,2.0,-40.9646,41.08,95,13,13.68,0.0903,59.04
2,60.0,40.0,0.2,2.1,-42.4589,42.48,102,15,14.71,0.0985,57.54
2,60.0,40.0,0.2,2.2,-44.771,44.85,109,16,14.68,0.1051,55.23
2,60.0,40.0,0.2,2.3,-47.1809,47.31,117,18,15.38,0.1113,52.82
2,60.0,40.0,0.2,2.4,-49.0796,49.26,122,20,16.39,0.1161,50.92
2,60.0,40.0,0.2,2.5,-54.3909,54.63,128,19,14.84,0.0823,45.61
2,60.0,40.0,0.3,1.0,-11.54,11.54,24,1,4.17,0.0486,88.46
2,60.0,40.0,0.3,1.1,-14.6711,14.67,31,5,16.13,0.0548,85.33
2,60.0,40.0,0.3,1.2,-17.1639,17.16,38,5,13.16,0.0642,82.84
2,60.0,40.0,0.3,1.3,-19.3993,19.4,44,5,11.36,0.072,80.6
2,60.0,40.0,0.3,1.4,-19.4168,19.42,45,9,20.0,0.0894,80.58
2,60.0,40.0,0.3,1.5,-24.9844,24.98,55,8,14.55,0.0797,75.02
2,60.0,40.0,0.3,1.6,-28.4547,28.45,64,11,17.19,0.0858,71.55
2,60.0,40.0,0.3,1.7,-31.8031,31.82,72,11,15.28,0.0829,68.2
2,60.0,40.0,0.3,1.8,-37.3657,37.42,82,13,15.85,0.0839,62.63
2,60.0,40.0,0.3,1.9,-38.9927,39.08,84,12,14.29,0.0827,61.01
2,60.0,40.0,0.3,2.0,-43.5271,43.65,95,13,13.68,0.0854,56.47
2,60.0,40.0,0.3,2.1,-45.0798,45.1,102,15,14.71,0.0933,54.92
2,60.0,40.0,0.3,2.2,-47.4853,47.56,109,16,14.68,0.0997,52.51
2,60.0,40.0,0.3,2.3,-50.0821,50.21,115,17,14.78,0.103,49.92
2,60.0,40.0,0.3,2.4,-53.4363,53.62,120,19,15.83,0.0739,46.56
2,60.0,40.0,0.3,2.5,-56.3032,56.54,127,19,14.96,0.0797,43.7
2,60.0,40.0,0.4,1.0,-12.4867,12.49,24,1,4.17,0.0451,87.51
2,60.0,40.0,0.4,1.1,-15.8075,15.81,31,5,16.13,0.051,84.19
2,60.0,40.0,0.4,1.2,-18.4408,18.44,38,5,13.16,0.06,81.56
2,60.0,40.0,0.4,1.3,-20.8016,20.8,44,5,11.36,0.0675,79.2
2,60.0,40.0,0.4,1.4,-21.8102,21.81,45,8,17.78,0.0734,78.19
2,60.0,40.0,0.4,1.5,-26.7144,26.71,55,8,14.55,0.075,73.29
2,60.0,40.0,0.4,1.6,-30.2473,30.25,63,10,15.87,0.0725,69.75
2,60.0,40.0,0.4,1.7,-33.2355,33.26,71,11,15.49,0.0796,66.76
2,60.0,40.0,0.4,1.8,-40.8726,40.93,82,12,14.63,0.0681,59.13
2,60.0,40.0,0.4,1.9,-41.3903,41.48,84,12,14.29,0.0783,58.61
2,60.0,40.0,0.4,2.0,-46.0895,46.21,95,13,13.68,0.0811,53.91
2,60.0,40.0,0.4,2.1,-47.7007,47.72,102,15,14.71,0.0886,52.3
2,60.0,40.0,0.4,2.2,-50.2583,50.33,107,15,14.02,0.0926,49.74
2,60.0,40.0,0.4,2.3,-54.2025,54.33,113,16,14.16,0.0635,45.8
2,60.0,40.0,0.4,2.4,-56.2658,56.45,120,19,15.83,0.0704,43.73
2,60.0,40.0,0.4,2.5,-58.7867,59.02,125,18,14.4,0.0759,41.21
2,60.0,40.0,0.5,1.0,-13.4334,13.43,24,1,4.17,0.0421,86.57
2,60.0,40.0,0.5,1.1,-16.9438,16.94,31,5,16.13,0.0478,83.06
2,60.0,40.0,0.5,1.2,-19.7176,19.72,38,5,13.16,0.0564,80.28
2,60.0,40.0,0.5,1.3,-23.1415,23.14,44,4,9.09,0.0562,76.86
2,60.0,40.0,0.5,1.4,-23.318,23.32,45,8,17.78,0.069,76.68
2,60.0,40.0,0.5,1.5,-28.2514,28.25,54,7,12.96,0.0634,71.75
2,60.0,40.0,0.5,1.6,-31.4312,31.43,62,10,16.13,0.07,68.57
2,60.0,40.0,0.5,1.7,-35.136,35.16,70,10,14.29,0.0662,64.86
2,60.0,40.0,0.5,1.8,-41.8796,41.93,81,12,14.81,0.0665,58.12
2,60.0,40.0,0.5,1.9,-42.4128,42.5,83,12,14.46,0.0766,57.59
2,60.0,40.0,0.5,2.0,-46.0716,46.19,93,14,15.05,0.0815,53.93
2,60.0,40.0,0.5,2.1,-47.7113,47.73,98,15,15.31,0.0877,52.29
2,60.0,40.0,0.5,2.2,-51.4435,51.52,103,15,14.56,0.0593,48.56
2,60.0,40.0,0.5,2.3,-52.9588,53.09,109,17,15.6,0.0667,47.04
2,60.0,40.0,0.5,2.4,-55.6646,55.85,115,19,16.52,0.0729,44.34
2,60.0,40.0,0.5,2.5,-58.9989,59.23,120,17,14.17,0.0633,41.0
2,60.0,40.0,0.6,1.0,-14.3802,14.38,24,1,4.17,0.0394,85.62
2,60.0,40.0,0.6,1.1,-18.0801,18.08,31,5,16.13,0.0449,81.92
2,60.0,40.0,0.6,1.2,-20.5462,20.55,37,4,10.81,0.0509,79.45
2,60.0,40.0,0.6,1.3,-23.1751,23.18,43,4,9.3,0.0561,76.82
2,60.0,40.0,0.6,1.4,-24.4386,24.44,44,7,15.91,0.0589,75.56
2,60.0,40.0,0.6,1.5,-29.073,29.07,53,7,13.21,0.0618,70.93
2,60.0,40.0,0.6,1.6,-32.973,32.97,61,10,16.39,0.0584,67.03
2,60.0,40.0,0.6,1.7,-35.5847,35.6,69,11,15.94,0.0665,64.42
2,60.0,40.0,0.6,1.8,-42.5815,42.63,80,13,16.25,0.0671,57.42
2,60.0,40.0,0.6,1.9,-43.1238,43.21,82,13,15.85,0.0776,56.88
2,60.0,40.0,0.6,2.0,-47.545,47.67,91,14,15.38,0.0805,52.45
2,60.0,40.0,0.6,2.1,-48.2187,48.24,93,15,16.13,0.0572,51.78
2,60.0,40.0,0.6,2.2,-52.7206,52.8,101,15,14.85,0.058,47.28
2,60.0,40.0,0.6,2.3,-54.8902,55.02,106,17,16.04,0.0645,45.11
2,60.0,40.0,0.6,2.4,-59.1002,59.28,113,17,15.04,0.0552,40.9
2,60.0,40.0,0.6,2.5,-60.5648,60.8,118,17,14.41,0.0617,39.44
2,60.0,40.0,0.7,1.0,-14.6458,14.65,24,1,4.17,0.0387,85.35
2,60.0,40.0,0.7,1.1,-19.4328,19.43,31,4,12.9,0.0408,80.57
2,60.0,40.0,0.7,1.2,-21.0441,21.04,37,4,10.81,0.0498,78.96
2,60.0,40.0,0.7,1.3,-23.7584,23.76,43,4,9.3,0.0548,76.24
2,60.0,40.0,0.7,1.4,-25.0886,25.09,44,8,18.18,0.0579,74.91
2,60.0,40.0,0.7,1.5,-31.0839,31.08,53,7,13.21,0.0516,68.92
2,60.0,40.0,0.7,1.6,-33.8957,33.9,61,11,18.03,0.0592,66.1
2,60.0,40.0,0.7,1.7,-36.5621,36.58,69,12,17.39,0.068,63.44
2,60.0,40.0,0.7,1.8,-43.807,43.86,80,14,17.5,0.0687,56.19
2,60.0,40.0,0.7,1.9,-45.1572,45.24,82,13,15.85,0.0777,54.84
2,60.0,40.0,0.7,2.0,-49.6922,49.81,89,14,15.73,0.0513,50.31
2,60.0,40.0,0.7,2.1,-49.4685,49.49,93,16,17.2,0.061,50.53
2,60.0,40.0,0.7,2.2,-54.6687,54.74,100,16,16.0,0.0614,45.33
2,60.0,40.0,0.7,2.3,-58.8251,58.95,106,16,15.09,0.0534,41.17
2,60.0,40.0,0.7,2.4,-61.1598,61.34,113,18,15.93,0.0594,38.84
2,60.0,40.0,0.7,2.5,-62.078,62.31,118,18,15.25,0.0667,37.92
2,60.0,40.0,0.8,1.0,-16.4899,16.49,24,1,4.17,0.0346,83.51
2,60.0,40.0,0.8,1.1,-19.8544,19.85,31,4,12.9,0.04,80.15
2,60.0,40.0,0.8,1.2,-21.4983,21.5,37,4,10.81,0.0488,78.5
2,60.0,40.0,0.8,1.3,-24.2998,24.3,43,4,9.3,0.0537,75.7
2,60.0,40.0,0.8,1.4,-26.9063,26.91,44,7,15.91,0.0468,73.09
2,60.0,40.0,0.8,1.5,-31.9036,31.9,53,8,15.09,0.051,68.1
2,60.0,40.0,0.8,1.6,-34.7819,34.78,61,12,19.67,0.0594,65.22
2,60.0,40.0,0.8,1.7,-37.5048,37.52,69,13,18.84,0.0687,62.5
2,60.0,40.0,0.8,1.8,-43.6828,43.74,78,14,17.95,0.0715,56.32
2,60.0,40.0,0.8,1.9,-44.8781,44.96,78,13,16.67,0.05,55.12
2,60.0,40.0,0.8,2.0,-47.4988,47.62,86,15,17.44,0.0576,52.5
2,60.0,40.0,0.8,2.1,-47.744,47.77,89,17,19.1,0.0677,52.26
2,60.0,40.0,0.8,2.2,-53.1483,53.22,96,17,17.71,0.0591,46.85
2,60.0,40.0,0.8,2.3,-56.1081,56.24,103,18,17.48,0.0653,43.89
2,60.0,40.0,0.8,2.4,-57.8381,58.02,110,20,18.18,0.0728,42.16
2,60.0,40.0,0.8,2.5,-58.6715,58.91,115,21,18.26,0.0816,41.33
2,60.0,40.0,0.9,1.0,-15.4191,15.42,23,1,4.35,0.0369,84.58
2,60.0,40.0,0.9,1.1,-18.8821,18.88,30,5,16.67,0.0435,81.12
2,60.0,40.0,0.9,1.2,-20.5441,20.54,36,5,13.89,0.0546,79.46
2,60.0,40.0,0.9,1.3,-24.6258,24.63,42,4,9.52,0.052,75.37
2,60.0,40.0,0.9,1.4,-26.1334,26.13,43,8,18.6,0.0547,73.87
2,60.0,40.0,0.9,1.5,-29.8187,29.82,51,9,17.65,0.0616,70.18
2,60.0,40.0,0.9,1.6,-32.7216,32.72,59,13,22.03,0.0708,67.28
2,60.0,40.0,0.9,1.7,-36.2633,36.28,67,14,20.9,0.0791,63.74
2,60.0,40.0,0.9,1.8,-40.8874,40.94,73,14,19.18,0.0525,59.11
2,60.0,40.0,0.9,1.9,-42.9077,42.99,76,14,18.42,0.0616,57.09
2,60.0,40.0,0.9,2.0,-46.0581,46.18,83,16,19.28,0.0689,53.94
2,60.0,40.0,0.9,2.1,-48.244,48.27,87,17,19.54,0.0655,51.76
2,60.0,40.0,0.9,2.2,-51.2179,51.29,94,19,20.21,0.0725,48.78
2,60.0,40.0,0.9,2.3,-54.1945,54.32,101,20,19.8,0.0792,45.81
2,60.0,40.0,0.9,2.4,-55.8959,56.08,108,22,20.37,0.0876,44.1
2,60.0,40.0,0.9,2.5,-55.4298,55.66,112,23,20.54,0.0994,44.57
2,60.0,40.0,1.0,1.0,-16.2722,16.27,23,1,4.35,0.035,83.73
2,60.0,40.0,1.0,1.1,-19.0814,19.08,30,5,16.67,0.0431,80.92
2,60.0,40.0,1.0,1.2,-21.9835,21.98,36,4,11.11,0.0468,78.02
2,60.0,40.0,1.0,1.3,-23.408,23.41,41,4,9.76,0.0546,76.59
2,60.0,40.0,1.0,1.4,-24.9525,24.95,42,8,19.05,0.0571,75.05
2,60.0,40.0,1.0,1.5,-28.7063,28.71,50,10,20.0,0.0646,71.29
2,60.0,40.0,1.0,1.6,-32.4484,32.5,58,14,24.14,0.073,67.55
2,60.0,40.0,1.0,1.7,-35.5435,35.67,64,14,21.88,0.0489,64.46
2,60.0,40.0,1.0,1.8,-39.9104,40.1,72,16,22.22,0.0572,60.09
2,60.0,40.0,1.0,1.9,-41.8538,42.12,74,16,21.62,0.0678,58.15
2,60.0,40.0,1.0,2.0,-47.6623,48.0,82,16,19.51,0.0614,52.34
2,60.0,40.0,1.0,2.1,-47.3348,47.61,86,19,22.09,0.0734,52.67
2,60.0,40.0,1.0,2.2,-50.3321,50.7,93,21,22.58,0.0811,49.67
2,60.0,40.0,1.0,2.3,-53.3358,53.8,100,22,22.0,0.0884,46.66
2,60.0,40.0,1.0,2.4,-55.0189,55.57,107,24,22.43,0.0975,44.98
2,60.0,40.0,1.0,2.5,-54.4829,55.13,111,25,22.52,0.1104,45.52
2,60.0,40.0,1.1,1.0,-11.7769,11.78,21,2,9.52,0.0695,88.22
2,60.0,40.0,1.1,1.1,-15.7739,15.83,28,5,17.86,0.0695,84.23
2,60.0,40.0,1.1,1.2,-17.4613,17.67,34,6,17.65,0.0826,82.54
2,60.0,40.0,1.1,1.3,-19.9024,19.9,40,6,15.0,0.0904,80.1
2,60.0,40.0,1.1,1.4,-21.4209,21.42,41,10,24.39,0.0959,78.58
2,60.0,40.0,1.1,1.5,-25.9847,25.98,49,12,24.49,0.0996,74.02
2,60.0,40.0,1.1,1.6,-32.7982,32.85,56,14,25.0,0.0441,67.2
2,60.0,40.0,1.1,1.7,-35.7515,35.87,64,15,23.44,0.0557,64.25
2,60.0,40.0,1.1,1.8,-40.1163,40.31,71,17,23.94,0.0642,59.88
2,60.0,40.0,1.1,1.9,-44.7499,45.02,74,15,20.27,0.0613,55.25
2,60.0,40.0,1.1,2.0,-48.1689,48.51,82,17,20.73,0.0686,51.83
2,60.0,40.0,1.1,2.1,-47.7925,48.07,86,20,23.26,0.0813,52.21
2,60.0,40.0,1.1,2.2,-50.8344,51.2,93,22,23.66,0.089,49.17
2,60.0,40.0,1.1,2.3,-53.8862,54.35,100,23,23.0,0.0963,46.11
2,60.0,40.0,1.1,2.4,-55.572,56.12,107,25,23.36,0.1057,44.43
2,60.0,40.0,1.1,2.5,-54.9871,55.63,111,26,23.42,0.1191,45.01
2,60.0,40.0,1.2,1.0,-13.5719,13.57,21,2,9.52,0.0609,86.43
2,60.0,40.0,1.2,1.1,-16.5293,16.59,28,5,17.86,0.0666,83.47
2,60.0,40.0,1.2,1.2,-18.2876,18.5,34,6,17.65,0.0792,81.71
2,60.0,40.0,1.2,1.3,-20.8398,20.84,40,6,15.0,0.0867,79.16
2,60.0,40.0,1.2,1.4,-23.2694,23.27,41,10,24.39,0.0889,76.73
2,60.0,40.0,1.2,1.5,-30.9875,30.99,48,10,20.83,0.0314,69.01
2,60.0,40.0,1.2,1.6,-32.6227,32.67,55,14,25.45,0.0443,67.38
2,60.0,40.0,1.2,1.7,-35.6443,35.77,63,15,23.81,0.0559,64.36
2,60.0,40.0,1.2,1.8,-42.6782,42.87,70,15,21.43,0.0519,57.32
2,60.0,40.0,1.2,1.9,-44.9321,45.2,73,15,20.55,0.0611,55.07
2,60.0,40.0,1.2,2.0,-48.4276,48.76,81,17,20.99,0.0683,51.57
2,60.0,40.0,1.2,2.1,-48.0247,48.3,85,21,24.71,0.081,51.98
2,60.0,40.0,1.2,2.2,-51.1335,51.5,92,23,25.0,0.0891,48.87
2,60.0,40.0,1.2,2.3,-54.2558,54.72,99,24,24.24,0.0966,45.74
2,60.0,40.0,1.2,2.4,-55.9668,56.52,106,26,24.53,0.1062,44.03
2,60.0,40.0,1.2,2.5,-55.3555,56.0,110,27,24.55,0.12,44.64
2,60.0,40.0,1.3,1.0,-11.4749,11.53,20,3,15.0,0.0756,88.53
2,60.0,40.0,1.3,1.1,-14.4845,14.54,27,6,22.22,0.0822,85.52
2,60.0,40.0,1.3,1.2,-16.2529,16.46,33,7,21.21,0.0973,83.75
2,60.0,40.0,1.3,1.3,-19.6597,19.66,39,7,17.95,0.1014,80.34
2,60.0,40.0,1.3,1.4,-25.0675,25.07,39,9,23.08,0.0347,74.93
2,60.0,40.0,1.3,1.5,-29.2721,29.27,47,11,23.4,0.0446,70.73
2,60.0,40.0,1.3,1.6,-30.8984,30.95,54,15,27.78,0.059,69.1
2,60.0,40.0,1.3,1.7,-34.8967,35.02,62,16,25.81,0.0692,65.1
2,60.0,40.0,1.3,1.8,-41.1792,41.37,69,16,23.19,0.0654,58.82
2,60.0,40.0,1.3,1.9,-44.802,45.07,73,16,21.92,0.073,55.2
2,60.0,40.0,1.3,2.0,-48.3396,48.68,81,18,22.22,0.0802,51.66
2,60.0,40.0,1.3,2.1,-47.8759,48.15,85,22,25.88,0.0939,52.12
2,60.0,40.0,1.3,2.2,-51.0172,51.38,92,24,26.09,0.1019,48.98
2,60.0,40.0,1.3,2.3,-54.1757,54.64,99,25,25.25,0.1094,45.82
2,60.0,40.0,1.3,2.4,-55.8774,56.43,106,27,25.47,0.1192,44.12
2,60.0,40.0,1.3,2.5,-55.8547,56.5,110,28,25.45,0.1323,44.15
2,60.0,40.0,1.4,1.0,-11.9956,12.05,20,3,15.0,0.0725,88.0
2,60.0,40.0,1.4,1.1,-15.1183,15.18,27,6,22.22,0.0791,84.88
2,60.0,40.0,1.4,1.2,-16.9575,17.17,33,7,21.21,0.0936,83.04
2,60.0,40.0,1.4,1.3,-24.1284,24.13,38,5,13.16,0.0299,75.87
2,60.0,40.0,1.4,1.4,-26.1354,26.14,39,9,23.08,0.0333,73.86
2,60.0,40.0,1.4,1.5,-30.4785,30.48,47,11,23.4,0.043,69.52
2,60.0,40.0,1.4,1.6,-33.0995,33.15,54,15,27.78,0.0553,66.9
2,60.0,40.0,1.4,1.7,-36.2813,36.4,62,16,25.81,0.0667,63.72
2,60.0,40.0,1.4,1.8,-42.7844,42.98,69,16,23.19,0.0631,57.22
2,60.0,40.0,1.4,1.9,-46.5582,46.82,73,16,21.92,0.0705,53.44
2,60.0,40.0,1.4,2.0,-50.1987,50.54,81,18,22.22,0.0775,49.8
2,60.0,40.0,1.4,2.1,-49.7349,50.01,85,22,25.88,0.0907,50.27
2,60.0,40.0,1.4,2.2,-52.9696,53.34,92,24,26.09,0.0985,47.03
2,60.0,40.0,1.4,2.3,-56.2251,56.68,99,25,25.25,0.1058,43.77
2,60.0,40.0,1.4,2.4,-58.6279,59.18,106,27,25.47,0.1143,41.37
2,60.0,40.0,1.4,2.5,-56.2109,56.85,108,28,25.93,0.1316,43.79
2,60.0,40.0,1.5,1.0,-12.5163,12.57,20,3,15.0,0.0697,87.48
2,60.0,40.0,1.5,1.1,-15.752,15.81,27,6,22.22,0.0761,84.25
2,60.0,40.0,1.5,1.2,-21.2005,21.41,32,5,15.62,0.0219,78.8
2,60.0,40.0,1.5,1.3,-25.0895,25.09,38,5,13.16,0.0288,74.91
2,60.0,40.0,1.5,1.4,-27.2033,27.2,39,9,23.08,0.0321,72.8
2,60.0,40.0,1.5,1.5,-32.6277,32.63,47,11,23.4,0.0402,67.37
2,60.0,40.0,1.5,1.6,-34.3892,34.44,54,15,27.78,0.0533,65.61
2,60.0,40.0,1.5,1.7,-37.6658,37.79,62,16,25.81,0.0644,62.33
2,60.0,40.0,1.5,1.8,-44.3896,44.58,69,16,23.19,0.0609,55.61
2,60.0,40.0,1.5,1.9,-48.3143,48.58,73,16,21.92,0.0681,51.69
2,60.0,40.0,1.5,2.0,-52.0577,52.39,81,18,22.22,0.0749,47.94
2,60.0,40.0,1.5,2.1,-51.594,51.87,85,22,25.88,0.0877,48.41
2,60.0,40.0,1.5,2.2,-54.9221,55.29,92,24,26.09,0.0954,45.08
2,60.0,40.0,1.5,2.3,-58.2745,58.73,99,25,25.25,0.1025,41.73
2,60.0,40.0,1.5,2.4,-58.9369,59.49,104,27,25.96,0.1137,41.06
2,60.0,40.0,1.5,2.5,-58.2818,58.92,108,28,25.93,0.1275,41.72
3,60.0,40.0,0.1,1.0,-5.3153,5.32,16,2,12.5,0.1176,94.68
3,60.0,40.0,0.1,1.1,-6.932,6.93,21,4,19.05,0.1199,93.07
3,60.0,40.0,0.1,1.2,-9.1853,9.19,28,4,14.29,0.1181,90.81
3,60.0,40.0,0.1,1.3,-11.2112,11.21,34,4,11.76,0.1191,88.79
3,60.0,40.0,0.1,1.4,-10.5597,10.56,34,8,23.53,0.1509,89.44
3,60.0,40.0,0.1,1.5,-13.6297,13.63,42,8,19.05,0.1457,86.37
3,60.0,40.0,0.1,1.6,-16.0568,16.06,49,11,22.45,0.1503,83.94
3,60.0,40.0,0.1,1.7,-20.4008,20.42,57,11,19.3,0.1312,79.6
3,60.0,40.0,0.1,1.8,-24.5592,24.61,67,13,19.4,0.129,75.44
3,60.0,40.0,0.1,1.9,-24.9253,25.01,69,13,18.84,0.1453,75.07
3,60.0,40.0,0.1,2.0,-28.9924,29.11,78,14,17.95,0.1434,71.01
3,60.0,40.0,0.1,2.1,-30.4572,30.48,85,16,18.82,0.1528,69.54
3,60.0,40.0,0.1,2.2,-31.5675,31.64,90,16,17.78,0.1636,68.43
3,60.0,40.0,0.1,2.3,-32.0761,32.2,94,16,17.02,0.176,67.92
3,60.0,40.0,0.1,2.4,-33.8153,34.0,101,18,17.82,0.1826,66.18
3,60.0,40.0,0.1,2.5,-37.0228,37.26,107,18,16.82,0.179,62.98
3,60.0,40.0,0.2,1.0,-5.9163,5.92,16,2,12.5,0.107,94.08
3,60.0,40.0,0.2,1.1,-7.6462,7.65,21,4,19.05,0.1099,92.35
3,60.0,40.0,0.2,1.2,-10.04,10.04,28,4,14.29,0.1092,89.96
3,60.0,40.0,0.2,1.3,-12.1913,12.19,34,4,11.76,0.1106,87.81
3,60.0,40.0,0.2,1.4,-11.5398,11.54,34,8,23.53,0.1399,88.46
3,60.0,40.0,0.2,1.5,-14.7751,14.78,42,8,19.05,0.136,85.22
3,60.0,40.0,0.2,1.6,-18.2705,18.27,49,10,20.41,0.1227,81.73
3,60.0,40.0,0.2,1.7,-19.7817,19.8,55,11,20.0,0.1347,80.22
3,60.0,40.0,0.2,1.8,-24.1057,24.16,65,13,20.0,0.1312,75.89
3,60.0,40.0,0.2,1.9,-25.053,25.14,67,13,19.4,0.1447,74.95
3,60.0,40.0,0.2,2.0,-28.6579,28.78,76,14,18.42,0.1449,71.34
3,60.0,40.0,0.2,2.1,-30.1328,30.15,83,16,19.28,0.1542,69.87
3,60.0,40.0,0.2,2.2,-31.2508,31.33,88,16,18.18,0.1649,68.75
3,60.0,40.0,0.2,2.3,-31.7468,31.87,92,17,18.48,0.1778,68.25
3,60.0,40.0,0.2,2.4,-34.3104,34.49,99,19,19.19,0.1779,65.69
3,60.0,40.0,0.2,2.5,-38.4363,38.67,103,19,18.45,0.1328,61.56
3,60.0,40.0,0.3,1.0,-6.5174,6.52,16,2,12.5,0.0981,93.48
3,60.0,40.0,0.3,1.1,-8.3604,8.36,21,4,19.05,0.1015,91.64
3,60.0,40.0,0.3,1.2,-10.8947,10.89,28,4,14.29,0.1015,89.11
3,60.0,40.0,0.3,1.3,-13.1714,13.17,34,4,11.76,0.1032,86.83
3,60.0,40.0,0.3,1.4,-12.5199,12.52,34,8,23.53,0.1304,87.48
3,60.0,40.0,0.3,1.5,-16.8582,16.86,42,7,16.67,0.1105,83.14
3,60.0,40.0,0.3,1.6,-19.5985,19.6,49,10,20.41,0.1154,80.4
3,60.0,40.0,0.3,1.7,-21.1804,21.2,55,11,20.0,0.127,78.82
3,60.0,40.0,0.3,1.8,-26.3039,26.36,65,13,20.0,0.1215,73.7
3,60.0,40.0,0.3,1.9,-26.7374,26.82,67,13,19.4,0.1368,73.26
3,60.0,40.0,0.3,2.0,-30.4863,30.61,76,14,18.42,0.1374,69.51
3,60.0,40.0,0.3,2.1,-32.0196,32.04,83,16,19.28,0.1464,67.98
3,60.0,40.0,0.3,2.2,-33.1937,33.27,88,16,18.18,0.1568,66.81
3,60.0,40.0,0.3,2.3,-34.5293,34.66,92,16,17.39,0.1626,65.47
3,60.0,40.0,0.3,2.4,-37.8623,38.04,97,18,18.56,0.1215,62.14
3,60.0,40.0,0.3,2.5,-40.5595,40.79,103,19,18.45,0.1267,59.44
3,60.0,40.0,0.4,1.0,-7.1185,7.12,16,2,12.5,0.0906,92.88
3,60.0,40.0,0.4,1.1,-9.0746,9.07,21,4,19.05,0.0943,90.93
3,60.0,40.0,0.4,1.2,-11.7493,11.75,28,4,14.29,0.0948,88.25
3,60.0,40.0,0.4,1.3,-14.1515,14.15,34,4,11.76,0.0968,85.85
3,60.0,40.0,0.4,1.4,-14.4377,14.44,34,7,20.59,0.1052,85.56
3,60.0,40.0,0.4,1.5,-18.0557,18.06,42,7,16.67,0.1039,81.94
3,60.0,40.0,0.4,1.6,-19.7649,19.76,48,10,20.83,0.1145,80.24
3,60.0,40.0,0.4,1.7,-21.9777,22.0,54,11,20.37,0.1229,78.02
3,60.0,40.0,0.4,1.8,-27.9444,28.0,65,13,20.0,0.1152,72.06
3,60.0,40.0,0.4,1.9,-28.4219,28.51,67,13,19.4,0.1298,71.58
3,60.0,40.0,0.4,2.0,-32.3147,32.44,76,14,18.42,0.1306,67.69
3,60.0,40.0,0.4,2.1,-33.9064,33.93,83,16,19.28,0.1394,66.09
3,60.0,40.0,0.4,2.2,-35.9406,36.02,88,15,17.05,0.1439,64.06
3,60.0,40.0,0.4,2.3,-37.8449,37.97,90,15,16.67,0.1091,62.16
3,60.0,40.0,0.4,2.4,-39.887,40.07,97,18,18.56,0.1161,60.11
3,60.0,40.0,0.4,2.5,-42.2381,42.47,101,18,17.82,0.1214,57.76
3,60.0,40.0,0.5,1.0,-7.7195,7.72,16,2,12.5,0.0841,92.28
3,60.0,40.0,0.5,1.1,-9.7887,9.79,21,4,19.05,0.088,90.21
3,60.0,40.0,0.5,1.2,-12.604,12.6,28,4,14.29,0.0889,87.4
3,60.0,40.0,0.5,1.3,-16.0693,16.07,34,3,8.82,0.0796,83.93
3,60.0,40.0,0.5,1.4,-15.4699,15.47,34,7,20.59,0.0989,84.53
3,60.0,40.0,0.5,1.5,-19.2531,19.25,42,7,16.67,0.0981,80.75
3,60.0,40.0,0.5,1.6,-21.6274,21.63,48,10,20.83,0.1057,78.37
3,60.0,40.0,0.5,1.7,-23.3534,23.37,54,11,20.37,0.1165,76.65
3,60.0,40.0,0.5,1.8,-29.585,29.64,65,13,20.0,0.1095,70.42
3,60.0,40.0,0.5,1.9,-30.1063,30.19,67,13,19.4,0.1234,69.89
3,60.0,40.0,0.5,2.0,-32.9664,33.09,75,14,18.67,0.1284,67.03
3,60.0,40.0,0.5,2.1,-35.3997,35.42,82,15,18.29,0.1322,64.6
3,60.0,40.0,0.5,2.2,-37.8347,37.91,85,14,16.47,0.0975,62.17
3,60.0,40.0,0.5,2.3,-38.5614,38.69,89,15,16.85,0.1073,61.44
3,60.0,40.0,0.5,2.4,-41.2744,41.46,95,17,17.89,0.1122,58.73
3,60.0,40.0,0.5,2.5,-44.4675,44.7,99,16,16.16,0.098,55.53
3,60.0,40.0,0.6,1.0,-8.3206,8.32,16,2,12.5,0.0786,91.68
3,60.0,40.0,0.6,1.1,-10.5029,10.5,21,4,19.05,0.0825,89.5
3,60.0,40.0,0.6,1.2,-13.0104,13.01,27,3,11.11,0.0816,86.99
3,60.0,40.0,0.6,1.3,-15.6807,15.68,33,3,9.09,0.0814,84.32
3,60.0,40.0,0.6,1.4,-15.0464,15.05,33,7,21.21,0.1014,84.95
3,60.0,40.0,0.6,1.5,-19.5456,19.55,41,7,17.07,0.0968,80.45
3,60.0,40.0,0.6,1.6,-21.407,21.41,47,11,23.4,0.107,78.59
3,60.0,40.0,0.6,1.7,-23.169,23.19,53,12,22.64,0.1188,76.83
3,60.0,40.0,0.6,1.8,-29.6306,29.68,64,14,21.88,0.1114,70.37
3,60.0,40.0,0.6,1.9,-30.161,30.25,66,14,21.21,0.1261,69.84
3,60.0,40.0,0.6,2.0,-33.7626,33.88,73,14,19.18,0.1275,66.24
3,60.0,40.0,0.6,2.1,-35.2498,35.27,77,15,19.48,0.0957,64.75
3,60.0,40.0,0.6,2.2,-38.4169,38.49,83,14,16.87,0.0961,61.58
3,60.0,40.0,0.6,2.3,-39.7801,39.91,86,15,17.44,0.1043,60.22
3,60.0,40.0,0.6,2.4,-43.9974,44.18,93,15,16.13,0.0889,56.0
3,60.0,40.0,0.6,2.5,-45.3207,45.56,97,16,16.49,0.0963,54.68
3,60.0,40.0,0.7,1.0,-8.9216,8.92,16,2,12.5,0.0737,91.08
3,60.0,40.0,0.7,1.1,-12.1545,12.15,21,3,14.29,0.0705,87.85
3,60.0,40.0,0.7,1.2,-13.8474,13.85,27,3,11.11,0.077,86.15
3,60.0,40.0,0.7,1.3,-16.6431,16.64,33,3,9.09,0.0771,83.36
3,60.0,40.0,0.7,1.4,-16.0088,16.01,33,7,21.21,0.0959,83.99
3,60.0,40.0,0.7,1.5,-20.7012,20.7,41,7,17.07,0.0919,79.3
3,60.0,40.0,0.7,1.6,-22.6421,22.64,47,11,23.4,0.1017,77.36
3,60.0,40.0,0.7,1.7,-24.4749,24.49,53,12,22.64,0.1132,75.53
3,60.0,40.0,0.7,1.8,-31.2014,31.25,64,14,21.88,0.1064,68.8
3,60.0,40.0,0.7,1.9,-32.5799,32.67,66,13,19.7,0.1169,67.42
3,60.0,40.0,0.7,2.0,-36.3144,36.43,71,13,18.31,0.0811,63.69
3,60.0,40.0,0.7,2.1,-36.9639,36.98,77,15,19.48,0.0917,63.04
3,60.0,40.0,0.7,2.2,-40.8321,40.91,82,14,17.07,0.091,59.17
3,60.0,40.0,0.7,2.3,-44.2043,44.33,86,13,15.12,0.0791,55.8
3,60.0,40.0,0.7,2.4,-46.5863,46.77,93,15,16.13,0.0844,53.41
3,60.0,40.0,0.7,2.5,-47.4033,47.64,97,16,16.49,0.0925,52.6
3,60.0,40.0,0.8,1.0,-10.4601,10.46,16,2,12.5,0.0635,89.54
3,60.0,40.0,0.8,1.1,-12.9207,12.92,21,3,14.29,0.0666,87.08
3,60.0,40.0,0.8,1.2,-14.6843,14.68,27,3,11.11,0.073,85.32
3,60.0,40.0,0.8,1.3,-17.6055,17.61,33,3,9.09,0.0732,82.39
3,60.0,40.0,0.8,1.4,-16.9712,16.97,33,7,21.21,0.091,83.03
3,60.0,40.0,0.8,1.5,-21.8568,21.86,41,7,17.07,0.0874,78.14
3,60.0,40.0,0.8,1.6,-23.8772,23.88,47,11,23.4,0.097,76.12
3,60.0,40.0,0.8,1.7,-25.7808,25.8,53,12,22.64,0.1081,74.22
3,60.0,40.0,0.8,1.8,-32.1601,32.21,63,13,20.63,0.1034,67.84
3,60.0,40.0,0.8,1.9,-33.4203,33.51,63,12,19.05,0.0747,66.58
3,60.0,40.0,0.8,2.0,-35.2564,35.38,69,13,18.84,0.0833,64.74
3,60.0,40.0,0.8,2.1,-36.4312,36.45,74,15,20.27,0.0929,63.57
3,60.0,40.0,0.8,2.2,-40.5028,40.58,79,14,17.72,0.0808,59.5
3,60.0,40.0,0.8,2.3,-42.6971,42.82,84,15,17.86,0.0873,57.3
3,60.0,40.0,0.8,2.4,-44.5111,44.69,91,17,18.68,0.0944,55.49
3,60.0,40.0,0.8,2.5,-45.2799,45.51,95,18,18.95,0.1037,54.72
3,60.0,40.0,0.9,1.0,-9.0837,9.08,15,2,13.33,0.0725,90.92
3,60.0,40.0,0.9,1.1,-11.6045,11.63,20,4,20.0,0.0759,88.4
3,60.0,40.0,0.9,1.2,-13.3862,13.47,26,4,15.38,0.0848,86.61
3,60.0,40.0,0.9,1.3,-16.3799,16.38,32,4,12.5,0.0853,83.62
3,60.0,40.0,0.9,1.4,-15.6928,15.69,32,8,25.0,0.1074,84.31
3,60.0,40.0,0.9,1.5,-19.2662,19.27,39,8,20.51,0.1082,80.73
3,60.0,40.0,0.9,1.6,-21.286,21.29,45,12,26.67,0.1185,78.71
3,60.0,40.0,0.9,1.7,-23.9845,24.0,51,13,25.49,0.1265,76.02
3,60.0,40.0,0.9,1.8,-28.8096,28.86,58,13,22.41,0.083,71.19
3,60.0,40.0,0.9,1.9,-30.8948,30.98,61,13,21.31,0.0925,69.11
3,60.0,40.0,0.9,2.0,-33.2398,33.36,66,14,21.21,0.1004,66.76
3,60.0,40.0,0.9,2.1,-36.3749,36.4,72,15,20.83,0.0911,63.63
3,60.0,40.0,0.9,2.2,-37.9788,38.05,77,16,20.78,0.1001,62.02
3,60.0,40.0,0.9,2.3,-40.172,40.3,82,17,20.73,0.1073,59.83
3,60.0,40.0,0.9,2.4,-41.9574,42.14,89,19,21.35,0.1153,58.04
3,60.0,40.0,0.9,2.5,-41.4267,41.66,92,20,21.74,0.1292,58.57
3,60.0,40.0,1.0,1.0,-9.6311,9.63,15,2,13.33,0.0686,90.37
3,60.0,40.0,1.0,1.1,-11.4599,11.49,20,4,20.0,0.0768,88.54
3,60.0,40.0,1.0,1.2,-13.2741,13.35,26,4,15.38,0.0855,86.73
3,60.0,40.0,1.0,1.3,-14.7634,14.76,31,4,12.9,0.0937,85.24
3,60.0,40.0,1.0,1.4,-14.0063,14.09,31,8,25.81,0.1188,85.99
3,60.0,40.0,1.0,1.5,-17.6483,17.65,38,9,23.68,0.1181,82.35
3,60.0,40.0,1.0,1.6,-20.482,20.53,44,13,29.55,0.1249,79.52
3,60.0,40.0,1.0,1.7,-22.71,22.83,48,13,27.08,0.0878,77.29
3,60.0,40.0,1.0,1.8,-27.2776,27.47,57,15,26.32,0.0921,72.72
3,60.0,40.0,1.0,1.9,-29.2859,29.55,59,15,25.42,0.1034,70.71
3,60.0,40.0,1.0,2.0,-34.2681,34.61,65,14,21.54,0.0908,65.73
3,60.0,40.0,1.0,2.1,-34.9095,35.19,71,17,23.94,0.1031,65.09
3,60.0,40.0,1.0,2.2,-36.4995,36.87,76,18,23.68,0.1132,63.5
3,60.0,40.0,1.0,2.3,-38.7019,39.16,81,19,23.46,0.1212,61.3
3,60.0,40.0,1.0,2.4,-40.4689,41.02,88,21,23.86,0.1299,59.53
3,60.0,40.0,1.0,2.5,-39.8684,40.51,91,22,24.18,0.1455,60.13
3,60.0,40.0,1.1,1.0,-6.9437,6.94,14,3,21.43,0.1258,93.06
3,60.0,40.0,1.1,1.1,-8.7633,8.79,19,5,26.32,0.1315,91.24
3,60.0,40.0,1.1,1.2,-10.5644,10.64,25,5,20.0,0.1384,89.44
3,60.0,40.0,1.1,1.3,-12.0321,12.03,30,5,16.67,0.1467,87.97
3,60.0,40.0,1.1,1.4,-11.1911,11.27,30,9,30.0,0.1834,88.81
3,60.0,40.0,1.1,1.5,-15.692,15.69,37,10,27.03,0.1637,84.31
3,60.0,40.0,1.1,1.6,-21.6207,21.67,42,12,28.57,0.0709,78.38
3,60.0,40.0,1.1,1.7,-23.7318,23.85,48,13,27.08,0.0843,76.27
3,60.0,40.0,1.1,1.8,-28.3459,28.54,56,15,26.79,0.0889,71.65
3,60.0,40.0,1.1,1.9,-33.0933,33.36,59,13,22.03,0.08,66.91
3,60.0,40.0,1.1,2.0,-35.714,36.05,65,14,21.54,0.0875,64.29
3,60.0,40.0,1.1,2.1,-36.3751,36.65,71,17,23.94,0.0994,63.62
3,60.0,40.0,1.1,2.2,-38.0212,38.39,76,18,23.68,0.1092,61.98
3,60.0,40.0,1.1,2.3,-40.3026,40.76,81,19,23.46,0.1169,59.7
3,60.0,40.0,1.1,2.4,-42.1213,42.67,88,21,23.86,0.1255,57.88
3,60.0,40.0,1.1,2.5,-41.5208,42.16,91,22,24.18,0.1406,58.48
3,60.0,40.0,1.2,1.0,-7.3233,7.32,14,3,21.43,0.1201,92.68
3,60.0,40.0,1.2,1.1,-9.2178,9.25,19,5,26.32,0.1258,90.78
3,60.0,40.0,1.2,1.2,-11.0897,11.17,25,5,20.0,0.1328,88.91
3,60.0,40.0,1.2,1.3,-12.6197,12.62,30,5,16.67,0.1408,87.38
3,60.0,40.0,1.2,1.4,-12.583,12.66,30,9,30.0,0.1665,87.42
3,60.0,40.0,1.2,1.5,-20.2382,20.24,36,8,22.22,0.056,79.76
3,60.0,40.0,1.2,1.6,-20.9633,21.01,41,12,29.27,0.0729,79.04
3,60.0,40.0,1.2,1.7,-23.1188,23.24,47,13,27.66,0.0863,76.88
3,60.0,40.0,1.2,1.8,-30.4017,30.6,55,13,23.64,0.0718,69.6
3,60.0,40.0,1.2,1.9,-32.7694,33.03,58,13,22.41,0.0807,67.23
3,60.0,40.0,1.2,2.0,-35.4457,35.78,64,14,21.88,0.0881,64.55
3,60.0,40.0,1.2,2.1,-36.1001,36.38,70,18,25.71,0.1002,63.9
3,60.0,40.0,1.2,2.2,-37.7757,38.14,75,19,25.33,0.1105,62.22
3,60.0,40.0,1.2,2.3,-40.1098,40.57,80,20,25.0,0.1185,59.89
3,60.0,40.0,1.2,2.4,-41.9536,42.5,87,22,25.29,0.1275,58.05
3,60.0,40.0,1.2,2.5,-41.3267,41.97,90,23,25.56,0.1431,58.67
3,60.0,40.0,1.3,1.0,-4.9636,5.02,13,4,30.77,0.1756,95.04
3,60.0,40.0,1.3,1.1,-6.872,6.9,18,6,33.33,0.1738,93.13
3,60.0,40.0,1.3,1.2,-8.754,8.83,24,6,25.0,0.1766,91.25
3,60.0,40.0,1.3,1.3,-11.0898,11.09,29,6,20.69,0.1723,88.91
3,60.0,40.0,1.3,1.4,-13.9245,14.0,28,8,28.57,0.0758,86.08
3,60.0,40.0,1.3,1.5,-18.0662,18.07,35,9,25.71,0.0796,81.93
3,60.0,40.0,1.3,1.6,-18.7571,18.81,40,13,32.5,0.0995,81.24
3,60.0,40.0,1.3,1.7,-21.8654,21.99,46,14,30.43,0.1088,78.13
3,60.0,40.0,1.3,1.8,-28.3966,28.59,54,14,25.93,0.0925,71.6
3,60.0,40.0,1.3,1.9,-32.1332,32.4,58,14,24.14,0.0978,67.87
3,60.0,40.0,1.3,2.0,-34.8308,35.17,64,15,23.44,0.1051,65.17
3,60.0,40.0,1.3,2.1,-35.444,35.72,70,19,27.14,0.1181,64.56
3,60.0,40.0,1.3,2.2,-37.1148,37.48,75,20,26.67,0.1287,62.89
3,60.0,40.0,1.3,2.3,-39.4671,39.93,80,21,26.25,0.1366,60.53
3,60.0,40.0,1.3,2.4,-41.3017,41.85,87,23,26.44,0.1456,58.7
3,60.0,40.0,1.3,2.5,-41.2634,41.91,90,24,26.67,0.1602,58.74
3,60.0,40.0,1.4,1.0,-5.2215,5.28,13,4,30.77,0.1684,94.78
3,60.0,40.0,1.4,1.1,-7.2047,7.23,18,6,33.33,0.1672,92.8
3,60.0,40.0,1.4,1.2,-9.1576,9.24,24,6,25.0,0.1701,90.84
3,60.0,40.0,1.4,1.3,-15.2087,15.21,28,4,14.29,0.052,84.79
3,60.0,40.0,1.4,1.4,-14.5358,14.62,28,8,28.57,0.0729,85.46
3,60.0,40.0,1.4,1.5,-18.816,18.82,35,9,25.71,0.0767,81.18
3,60.0,40.0,1.4,1.6,-20.4764,20.53,40,13,32.5,0.0919,79.52
3,60.0,40.0,1.4,1.7,-22.7442,22.87,46,14,30.43,0.105,77.26
3,60.0,40.0,1.4,1.8,-29.4957,29.69,54,14,25.93,0.0894,70.5
3,60.0,40.0,1.4,1.9,-33.3833,33.65,58,14,24.14,0.0945,66.62
3,60.0,40.0,1.4,2.0,-36.1629,36.5,64,15,23.44,0.1016,63.84
3,60.0,40.0,1.4,2.1,-36.7957,37.07,70,19,27.14,0.1143,63.2
3,60.0,40.0,1.4,2.2,-38.5227,38.89,75,20,26.67,0.1246,61.48
3,60.0,40.0,1.4,2.3,-40.9541,41.41,80,21,26.25,0.1323,59.05
3,60.0,40.0,1.4,2.4,-43.4898,44.04,87,23,26.44,0.1393,56.51
3,60.0,40.0,1.4,2.5,-41.0571,41.7,88,24,27.27,0.1609,58.94
3,60.0,40.0,1.5,1.0,-5.4795,5.54,13,4,30.77,0.1618,94.52
3,60.0,40.0,1.5,1.1,-7.5374,7.57,18,6,33.33,0.161,92.46
3,60.0,40.0,1.5,1.2,-13.0996,13.18,23,4,17.39,0.0439,86.9
3,60.0,40.0,1.5,1.3,-15.82,15.82,28,4,14.29,0.0501,84.18
3,60.0,40.0,1.5,1.4,-15.1471,15.23,28,8,28.57,0.0701,84.85
3,60.0,40.0,1.5,1.5,-20.5086,20.51,35,9,25.71,0.0708,79.49
3,60.0,40.0,1.5,1.6,-21.2843,21.33,40,13,32.5,0.0887,78.72
3,60.0,40.0,1.5,1.7,-23.6229,23.74,46,14,30.43,0.1015,76.38
3,60.0,40.0,1.5,1.8,-30.5948,30.79,54,14,25.93,0.0864,69.41
3,60.0,40.0,1.5,1.9,-34.6333,34.9,58,14,24.14,0.0914,65.37
3,60.0,40.0,1.5,2.0,-37.495,37.83,64,15,23.44,0.0984,62.51
3,60.0,40.0,1.5,2.1,-38.1476,38.42,70,19,27.14,0.1107,61.85
3,60.0,40.0,1.5,2.2,-39.9305,40.3,75,20,26.67,0.1207,60.07
3,60.0,40.0,1.5,2.3,-42.441,42.9,80,21,26.25,0.1282,57.56
3,60.0,40.0,1.5,2.4,-43.2362,43.79,85,23,27.06,0.14,56.76
3,60.0,40.0,1.5,2.5,-42.5655,43.21,88,24,27.27,0.1561,57.43
4,60.0,40.0,0.1,1.0,-4.0474,4.05,14,2,14.29,0.149,95.95
4,60.0,40.0,0.1,1.1,-4.9285,4.93,17,4,23.53,0.1608,95.07
4,60.0,40.0,0.1,1.2,-7.2182,7.22,24,4,16.67,0.1456,92.78
4,60.0,40.0,0.1,1.3,-9.2805,9.28,30,4,13.33,0.1404,90.72
4,60.0,40.0,0.1,1.4,-8.6655,8.67,30,8,26.67,0.178,91.33
4,60.0,40.0,0.1,1.5,-11.7719,11.77,38,8,21.05,0.1649,88.23
4,60.0,40.0,0.1,1.6,-14.9445,14.94,47,10,21.28,0.1581,85.06
4,60.0,40.0,0.1,1.7,-19.2989,19.32,55,10,18.18,0.1349,80.7
4,60.0,40.0,0.1,1.8,-23.4677,23.52,65,12,18.46,0.1308,76.53
4,60.0,40.0,0.1,1.9,-23.8441,23.93,67,12,17.91,0.1466,76.16
4,60.0,40.0,0.1,2.0,-27.9216,28.04,76,13,17.11,0.1434,72.08
4,60.0,40.0,0.1,2.1,-29.3967,29.42,83,15,18.07,0.1522,70.6
4,60.0,40.0,0.1,2.2,-30.5174,30.59,88,16,18.18,0.163,69.48
4,60.0,40.0,0.1,2.3,-31.0364,31.16,92,16,17.39,0.1757,68.96
4,60.0,40.0,0.1,2.4,-32.7859,32.97,99,18,18.18,0.1822,67.21
4,60.0,40.0,0.1,2.5,-36.0039,36.24,105,18,17.14,0.1784,64.0
4,60.0,40.0,0.2,1.0,-4.4807,4.48,14,2,14.29,0.1366,95.52
4,60.0,40.0,0.2,1.1,-5.4385,5.44,17,4,23.53,0.1479,94.56
4,60.0,40.0,0.2,1.2,-7.8686,7.87,24,4,16.67,0.1352,92.13
4,60.0,40.0,0.2,1.3,-10.0564,10.06,30,4,13.33,0.131,89.94
4,60.0,40.0,0.2,1.4,-9.4414,9.44,30,8,26.67,0.1658,90.56
4,60.0,40.0,0.2,1.5,-12.713,12.71,38,8,21.05,0.1546,87.29
4,60.0,40.0,0.2,1.6,-16.9801,16.98,47,9,19.15,0.1294,83.02
4,60.0,40.0,0.2,1.7,-18.5015,18.52,53,10,18.87,0.1399,81.5
4,60.0,40.0,0.2,1.8,-22.8359,22.89,63,12,19.05,0.134,77.16
4,60.0,40.0,0.2,1.9,-23.7936,23.88,65,12,18.46,0.1469,76.21
4,60.0,40.0,0.2,2.0,-27.4089,27.53,74,13,17.57,0.1457,72.59
4,60.0,40.0,0.2,2.1,-28.8942,28.92,81,15,18.52,0.1544,71.11
4,60.0,40.0,0.2,2.2,-30.0226,30.1,86,16,18.6,0.1653,69.98
4,60.0,40.0,0.2,2.3,-30.5289,30.66,90,17,18.89,0.1784,69.47
4,60.0,40.0,0.2,2.4,-33.1029,33.28,97,19,19.59,0.1781,66.9
4,60.0,40.0,0.2,2.5,-38.6748,38.91,103,19,18.45,0.127,61.33
4,60.0,40.0,0.3,1.0,-4.9139,4.91,14,2,14.29,0.1261,95.09
4,60.0,40.0,0.3,1.1,-5.9484,5.95,17,4,23.53,0.137,94.05
4,60.0,40.0,0.3,1.2,-8.5191,8.52,24,4,16.67,0.1262,91.48
4,60.0,40.0,0.3,1.3,-10.8323,10.83,30,4,13.33,0.1228,89.17
4,60.0,40.0,0.3,1.4,-10.2172,10.22,30,8,26.67,0.1552,89.78
4,60.0,40.0,0.3,1.5,-14.592,14.59,38,7,18.42,0.1255,85.41
4,60.0,40.0,0.3,1.6,-18.1298,18.13,47,9,19.15,0.1222,81.87
4,60.0,40.0,0.3,1.7,-19.7221,19.74,53,10,18.87,0.1324,80.28
4,60.0,40.0,0.3,1.8,-24.856,24.91,63,12,19.05,0.1245,75.14
4,60.0,40.0,0.3,1.9,-25.2999,25.39,65,12,18.46,0.1393,74.7
4,60.0,40.0,0.3,2.0,-29.0592,29.18,74,13,17.57,0.1386,70.94
4,60.0,40.0,0.3,2.1,-30.6028,30.62,81,15,18.52,0.1471,69.4
4,60.0,40.0,0.3,2.2,-31.7873,31.86,86,16,18.6,0.1576,68.21
4,60.0,40.0,0.3,2.3,-33.1332,33.26,90,16,17.78,0.1633,66.87
4,60.0,40.0,0.3,2.4,-38.0801,38.26,97,18,18.56,0.1158,61.92
4,60.0,40.0,0.3,2.5,-40.7876,41.02,103,19,18.45,0.1212,59.21
4,60.0,40.0,0.4,1.0,-5.3472,5.35,14,2,14.29,0.1171,94.65
4,60.0,40.0,0.4,1.1,-6.4584,6.46,17,4,23.53,0.1276,93.54
4,60.0,40.0,0.4,1.2,-9.1696,9.17,24,4,16.67,0.1183,90.83
4,60.0,40.0,0.4,1.3,-11.6082,11.61,30,4,13.33,0.1155,88.39
4,60.0,40.0,0.4,1.4,-11.9308,11.93,30,7,23.33,0.1246,88.07
4,60.0,40.0,0.4,1.5,-15.5852,15.59,38,7,18.42,0.1184,84.41
4,60.0,40.0,0.4,1.6,-18.1181,18.12,46,9,19.57,0.1223,81.88
4,60.0,40.0,0.4,1.7,-20.3413,20.36,52,10,19.23,0.1289,79.66
4,60.0,40.0,0.4,1.8,-26.3184,26.37,63,12,19.05,0.1184,73.68
4,60.0,40.0,0.4,1.9,-26.8062,26.89,65,12,18.46,0.1326,73.19
4,60.0,40.0,0.4,2.0,-30.7094,30.83,74,13,17.57,0.1322,69.29
4,60.0,40.0,0.4,2.1,-32.3115,32.33,81,15,18.52,0.1404,67.69
4,60.0,40.0,0.4,2.2,-34.356,34.43,86,15,17.44,0.1448,65.64
4,60.0,40.0,0.4,2.3,-38.042,38.17,90,15,16.67,0.1036,61.96
4,60.0,40.0,0.4,2.4,-40.0944,40.28,97,18,18.56,0.1107,59.91
4,60.0,40.0,0.4,2.5,-42.4559,42.69,101,18,17.82,0.1161,57.54
4,60.0,40.0,0.5,1.0,-5.7804,5.78,14,2,14.29,0.1093,94.22
4,60.0,40.0,0.5,1.1,-6.9683,6.97,17,4,23.53,0.1194,93.03
4,60.0,40.0,0.5,1.2,-9.82,9.82,24,4,16.67,0.1114,90.18
4,60.0,40.0,0.5,1.3,-13.3217,13.32,30,3,10.0,0.0944,86.68
4,60.0,40.0,0.5,1.4,-12.7588,12.76,30,7,23.33,0.1174,87.24
4,60.0,40.0,0.5,1.5,-16.5784,16.58,38,7,18.42,0.1121,83.42
4,60.0,40.0,0.5,1.6,-19.8024,19.8,46,9,19.57,0.113,80.2
4,60.0,40.0,0.5,1.7,-21.5388,21.56,52,10,19.23,0.1227,78.46
4,60.0,40.0,0.5,1.8,-27.7808,27.83,63,12,19.05,0.1128,72.22
4,60.0,40.0,0.5,1.9,-28.3124,28.4,65,12,18.46,0.1264,71.69
4,60.0,40.0,0.5,2.0,-31.1829,31.3,73,13,17.81,0.1304,68.82
4,60.0,40.0,0.5,2.1,-33.6266,33.65,80,14,17.5,0.1335,66.37
4,60.0,40.0,0.5,2.2,-38.011,38.09,85,14,16.47,0.0921,61.99
4,60.0,40.0,0.5,2.3,-38.7482,38.88,89,15,16.85,0.1019,61.25
4,60.0,40.0,0.5,2.4,-41.4715,41.65,95,17,17.89,0.107,58.53
4,60.0,40.0,0.5,2.5,-44.6749,44.91,99,16,16.16,0.0928,55.33
4,60.0,40.0,0.6,1.0,-6.2137,6.21,14,2,14.29,0.1025,93.79
4,60.0,40.0,0.6,1.1,-7.4783,7.48,17,4,23.53,0.1122,92.52
4,60.0,40.0,0.6,1.2,-10.0222,10.02,23,3,13.04,0.1034,89.98
4,60.0,40.0,0.6,1.3,-12.729,12.73,29,3,10.34,0.0984,87.27
4,60.0,40.0,0.6,1.4,-12.1311,12.13,29,7,24.14,0.1228,87.87
4,60.0,40.0,0.6,1.5,-16.6668,16.67,37,7,18.92,0.1116,83.33
4,60.0,40.0,0.6,1.6,-19.4039,19.4,45,10,22.22,0.1154,80.6
4,60.0,40.0,0.6,1.7,-21.1763,21.2,51,11,21.57,0.126,78.82
4,60.0,40.0,0.6,1.8,-27.6483,27.7,62,13,20.97,0.1155,72.35
4,60.0,40.0,0.6,1.9,-28.189,28.28,64,13,20.31,0.1299,71.81
4,60.0,40.0,0.6,2.0,-31.801,31.92,71,13,18.31,0.1301,68.2
4,60.0,40.0,0.6,2.1,-35.4054,35.43,77,14,18.18,0.0903,64.59
4,60.0,40.0,0.6,2.2,-38.5829,38.66,83,14,16.87,0.0909,61.42
4,60.0,40.0,0.6,2.3,-39.9565,40.08,86,15,17.44,0.0991,60.04
4,60.0,40.0,0.6,2.4,-44.1841,44.37,93,15,16.13,0.0839,55.82
4,60.0,40.0,0.6,2.5,-45.5178,45.75,97,16,16.49,0.0913,54.48
4,60.0,40.0,0.7,1.0,-6.647,6.65,14,2,14.29,0.0964,93.35
4,60.0,40.0,0.7,1.1,-8.9258,8.93,17,3,17.65,0.0936,91.07
4,60.0,40.0,0.7,1.2,-10.655,10.66,23,3,13.04,0.0979,89.34
4,60.0,40.0,0.7,1.3,-13.4872,13.49,29,3,10.34,0.0934,86.51
4,60.0,40.0,0.7,1.4,-12.8894,12.89,29,7,24.14,0.1164,87.11
4,60.0,40.0,0.7,1.5,-17.6182,17.62,37,7,18.92,0.1062,82.38
4,60.0,40.0,0.7,1.6,-20.4609,20.46,45,10,22.22,0.1101,79.54
4,60.0,40.0,0.7,1.7,-22.3041,22.32,51,11,21.57,0.1204,77.7
4,60.0,40.0,0.7,1.8,-29.041,29.09,62,13,20.97,0.1106,70.96
4,60.0,40.0,0.7,1.9,-30.4298,30.52,64,12,18.75,0.1205,69.57
4,60.0,40.0,0.7,2.0,-36.4493,36.57,71,12,16.9,0.0766,63.55
4,60.0,40.0,0.7,2.1,-37.1092,37.13,77,14,18.18,0.0865,62.89
4,60.0,40.0,0.7,2.2,-40.9878,41.06,82,14,17.07,0.086,59.01
4,60.0,40.0,0.7,2.3,-44.3703,44.5,86,13,15.12,0.0742,55.63
4,60.0,40.0,0.7,2.4,-46.7627,46.94,93,15,16.13,0.0796,53.24
4,60.0,40.0,0.7,2.5,-47.5901,47.82,97,16,16.49,0.0877,52.41
4,60.0,40.0,0.8,1.0,-8.0178,8.02,14,2,14.29,0.0813,91.98
4,60.0,40.0,0.8,1.1,-9.4877,9.49,17,3,17.65,0.0886,90.51
4,60.0,40.0,0.8,1.2,-11.2879,11.29,23,3,13.04,0.0929,88.71
4,60.0,40.0,0.8,1.3,-14.2455,14.25,29,3,10.34,0.0889,85.75
4,60.0,40.0,0.8,1.4,-13.6476,13.65,29,7,24.14,0.1107,86.35
4,60.0,40.0,0.8,1.5,-18.5696,18.57,37,7,18.92,0.1014,81.43
4,60.0,40.0,0.8,1.6,-21.5179,21.52,45,10,22.22,0.1053,78.48
4,60.0,40.0,0.8,1.7,-23.4319,23.45,51,11,21.57,0.1153,76.57
4,60.0,40.0,0.8,1.8,-29.8215,29.87,61,12,19.67,0.1078,70.18
4,60.0,40.0,0.8,1.9,-33.5345,33.62,63,11,17.46,0.0708,66.47
4,60.0,40.0,0.8,2.0,-35.3809,35.5,69,12,17.39,0.0788,64.62
4,60.0,40.0,0.8,2.1,-36.5661,36.59,74,14,18.92,0.0877,63.43
4,60.0,40.0,0.8,2.2,-40.6481,40.72,79,14,17.72,0.0757,59.35
4,60.0,40.0,0.8,2.3,-42.8528,42.98,84,15,17.86,0.0823,57.15
4,60.0,40.0,0.8,2.4,-44.6771,44.86,91,17,18.68,0.0895,55.32
4,60.0,40.0,0.8,2.5,-45.4564,45.69,95,18,18.95,0.0987,54.54
4,60.0,40.0,0.9,1.0,-6.4736,6.47,13,2,15.38,0.0988,93.53
4,60.0,40.0,0.9,1.1,-7.9674,8.0,16,4,25.0,0.1069,92.03
4,60.0,40.0,0.9,1.2,-9.7855,9.87,22,4,18.18,0.1125,90.21
4,60.0,40.0,0.9,1.3,-12.8157,12.82,28,4,14.29,0.1065,87.18
4,60.0,40.0,0.9,1.4,-12.165,12.17,28,8,28.57,0.1344,87.83
4,60.0,40.0,0.9,1.5,-15.7749,15.77,35,8,22.86,0.129,84.23
4,60.0,40.0,0.9,1.6,-18.7486,18.75,43,11,25.58,0.131,81.25
4,60.0,40.0,0.9,1.7,-21.4575,21.48,49,12,24.49,0.1369,78.54
4,60.0,40.0,0.9,1.8,-28.903,28.96,58,12,20.69,0.0797,71.1
4,60.0,40.0,0.9,1.9,-30.9986,31.09,61,12,19.67,0.0885,69.0
4,60.0,40.0,0.9,2.0,-33.3539,33.47,66,13,19.7,0.0957,66.65
4,60.0,40.0,0.9,2.1,-36.4995,36.52,72,14,19.44,0.0859,63.5
4,60.0,40.0,0.9,2.2,-38.1138,38.19,77,16,20.78,0.0949,61.89
4,60.0,40.0,0.9,2.3,-40.3173,40.45,82,17,20.73,0.1022,59.68
4,60.0,40.0,0.9,2.4,-42.113,42.29,89,19,21.35,0.1102,57.89
4,60.0,40.0,0.9,2.5,-41.5928,41.83,92,20,21.74,0.1239,58.41
4,60.0,40.0,1.0,1.0,-6.8533,6.85,13,2,15.38,0.0939,93.15
4,60.0,40.0,1.0,1.1,-7.6186,7.65,16,4,25.0,0.1112,92.38
4,60.0,40.0,1.0,1.2,-9.4693,9.55,22,4,18.18,0.1158,90.53
4,60.0,40.0,1.0,1.3,-10.995,11.0,27,4,14.81,0.1219,89.0
4,60.0,40.0,1.0,1.4,-10.2744,10.35,27,8,29.63,0.1553,89.73
4,60.0,40.0,1.0,1.5,-13.9529,13.95,34,9,26.47,0.1448,86.05
4,60.0,40.0,1.0,1.6,-17.7665,17.82,42,12,28.57,0.1399,82.23
4,60.0,40.0,1.0,1.7,-22.7827,22.9,48,12,25.0,0.085,77.22
4,60.0,40.0,1.0,1.8,-27.3607,27.55,57,14,24.56,0.0886,72.64
4,60.0,40.0,1.0,1.9,-29.3793,29.64,59,14,23.73,0.0992,70.62
4,60.0,40.0,1.0,2.0,-34.3719,34.71,65,13,20.0,0.0863,65.63
4,60.0,40.0,1.0,2.1,-35.0237,35.3,71,16,22.54,0.0978,64.98
4,60.0,40.0,1.0,2.2,-36.6241,36.99,76,18,23.68,0.108,63.38
4,60.0,40.0,1.0,2.3,-38.8368,39.3,81,19,23.46,0.116,61.16
4,60.0,40.0,1.0,2.4,-40.6143,41.17,88,21,23.86,0.1248,59.39
4,60.0,40.0,1.0,2.5,-40.0241,40.67,91,22,24.18,0.1403,59.98
4,60.0,40.0,1.1,1.0,-7.2329,7.23,13,2,15.38,0.0894,92.77
4,60.0,40.0,1.1,1.1,-8.0367,8.07,16,4,25.0,0.1061,91.96
4,60.0,40.0,1.1,1.2,-9.9582,10.04,22,4,18.18,0.1108,90.04
4,60.0,40.0,1.1,1.3,-11.5462,11.55,27,4,14.81,0.1168,88.45
4,60.0,40.0,1.1,1.4,-10.8256,10.91,27,8,29.63,0.1485,89.17
4,60.0,40.0,1.1,1.5,-15.4468,15.45,34,9,26.47,0.1327,84.55
4,60.0,40.0,1.1,1.6,-21.6727,21.72,42,11,26.19,0.0694,78.33
4,60.0,40.0,1.1,1.7,-23.7941,23.92,48,12,25.0,0.0816,76.21
4,60.0,40.0,1.1,1.8,-28.4186,28.61,56,14,25.0,0.0856,71.58
4,60.0,40.0,1.1,1.9,-33.1764,33.44,59,12,20.34,0.0762,66.82
4,60.0,40.0,1.1,2.0,-35.8075,36.14,65,13,20.0,0.0831,64.19
4,60.0,40.0,1.1,2.1,-36.4789,36.76,71,16,22.54,0.0943,63.52
4,60.0,40.0,1.1,2.2,-38.1354,38.5,76,18,23.68,0.1041,61.86
4,60.0,40.0,1.1,2.3,-40.4272,40.89,81,19,23.46,0.112,59.57
4,60.0,40.0,1.1,2.4,-42.2563,42.81,88,21,23.86,0.1206,57.74
4,60.0,40.0,1.1,2.5,-41.6662,42.31,91,22,24.18,0.1355,58.33
4,60.0,40.0,1.2,1.0,-7.6126,7.61,13,2,15.38,0.0853,92.39
4,60.0,40.0,1.2,1.1,-8.4547,8.48,16,4,25.0,0.1014,91.55
4,60.0,40.0,1.2,1.2,-10.447,10.53,22,4,18.18,0.1061,89.55
4,60.0,40.0,1.2,1.3,-12.0974,12.1,27,4,14.81,0.1121,87.9
4,60.0,40.0,1.2,1.4,-12.181,12.26,27,8,29.63,0.1342,87.82
4,60.0,40.0,1.2,1.5,-19.2477,19.25,34,8,23.53,0.0588,80.75
4,60.0,40.0,1.2,1.6,-21.0049,21.05,41,11,26.83,0.0714,79.0
4,60.0,40.0,1.2,1.7,-23.1707,23.29,47,12,25.53,0.0836,76.83
4,60.0,40.0,1.2,1.8,-30.4641,30.66,55,12,21.82,0.0686,69.54
4,60.0,40.0,1.2,1.9,-32.8421,33.11,58,12,20.69,0.0769,67.16
4,60.0,40.0,1.2,2.0,-35.5288,35.87,64,13,20.31,0.0837,64.47
4,60.0,40.0,1.2,2.1,-36.1935,36.47,70,17,24.29,0.0951,63.81
4,60.0,40.0,1.2,2.2,-37.8796,38.25,75,19,25.33,0.1054,62.12
4,60.0,40.0,1.2,2.3,-40.224,40.68,80,20,25.0,0.1136,59.78
4,60.0,40.0,1.2,2.4,-42.0783,42.63,87,22,25.29,0.1226,57.92
4,60.0,40.0,1.2,2.5,-42.4262,43.07,90,22,24.44,0.1336,57.57
4,60.0,40.0,1.3,1.0,-5.2528,5.31,12,3,25.0,0.1276,94.75
4,60.0,40.0,1.3,1.1,-6.0725,6.1,15,5,33.33,0.1501,93.93
4,60.0,40.0,1.3,1.2,-8.0749,8.15,21,5,23.81,0.1496,91.93
4,60.0,40.0,1.3,1.3,-10.531,10.53,26,5,19.23,0.1437,89.47
4,60.0,40.0,1.3,1.4,-12.8612,12.94,26,8,30.77,0.0816,87.14
4,60.0,40.0,1.3,1.5,-17.0393,17.04,33,9,27.27,0.084,82.96
4,60.0,40.0,1.3,1.6,-18.7884,18.84,40,12,30.0,0.0979,81.21
4,60.0,40.0,1.3,1.7,-21.9071,22.03,46,13,28.26,0.106,78.09
4,60.0,40.0,1.3,1.8,-28.4486,28.64,54,13,24.07,0.0893,71.55
4,60.0,40.0,1.3,1.9,-32.1956,32.46,58,13,22.41,0.094,67.8
4,60.0,40.0,1.3,2.0,-34.9035,35.24,64,14,21.88,0.1008,65.1
4,60.0,40.0,1.3,2.1,-35.5271,35.8,70,18,25.71,0.1131,64.47
4,60.0,40.0,1.3,2.2,-37.2083,37.58,75,20,26.67,0.1237,62.79
4,60.0,40.0,1.3,2.3,-39.571,40.03,80,21,26.25,0.1318,60.43
4,60.0,40.0,1.3,2.4,-42.3806,42.93,87,22,25.29,0.1367,57.62
4,60.0,40.0,1.3,2.5,-42.3787,43.02,90,23,25.56,0.1506,57.62
4,60.0,40.0,1.4,1.0,-5.5108,5.57,12,3,25.0,0.1224,94.49
4,60.0,40.0,1.4,1.1,-6.3688,6.4,15,5,33.33,0.1442,93.63
4,60.0,40.0,1.4,1.2,-8.442,8.52,21,5,23.81,0.144,91.56
4,60.0,40.0,1.4,1.3,-14.0725,14.07,26,4,15.38,0.056,85.93
4,60.0,40.0,1.4,1.4,-13.436,13.52,26,8,30.77,0.0784,86.56
4,60.0,40.0,1.4,1.5,-17.7527,17.75,33,9,27.27,0.0809,82.25
4,60.0,40.0,1.4,1.6,-20.4972,20.55,40,12,30.0,0.0905,79.5
4,60.0,40.0,1.4,1.7,-22.7754,22.9,46,13,28.26,0.1024,77.22
4,60.0,40.0,1.4,1.8,-29.5373,29.73,54,13,24.07,0.0863,70.46
4,60.0,40.0,1.4,1.9,-33.4353,33.7,58,13,22.41,0.0909,66.56
4,60.0,40.0,1.4,2.0,-36.2253,36.56,64,14,21.88,0.0974,63.77
4,60.0,40.0,1.4,2.1,-36.8685,37.14,70,18,25.71,0.1095,63.13
4,60.0,40.0,1.4,2.2,-38.6058,38.97,75,20,26.67,0.1198,61.39
4,60.0,40.0,1.4,2.3,-42.0122,42.47,80,20,25.0,0.1241,57.99
4,60.0,40.0,1.4,2.4,-44.5843,45.14,87,22,25.29,0.1309,55.42
4,60.0,40.0,1.4,2.5,-43.9501,44.59,90,23,25.56,0.146,56.05
4,60.0,40.0,1.5,1.0,-5.7687,5.83,12,3,25.0,0.1175,94.23
4,60.0,40.0,1.5,1.1,-6.6651,6.7,15,5,33.33,0.1387,93.33
4,60.0,40.0,1.5,1.2,-11.8906,11.97,21,4,19.05,0.0481,88.11
4,60.0,40.0,1.5,1.3,-14.6474,14.65,26,4,15.38,0.0539,85.35
4,60.0,40.0,1.5,1.4,-14.011,14.09,26,8,30.77,0.0754,85.99
4,60.0,40.0,1.5,1.5,-19.4089,19.41,33,9,27.27,0.0745,80.59
4,60.0,40.0,1.5,1.6,-21.2948,21.34,40,12,30.0,0.0874,78.71
4,60.0,40.0,1.5,1.7,-23.6438,23.77,46,13,28.26,0.099,76.36
4,60.0,40.0,1.5,1.8,-30.626,30.82,54,13,24.07,0.0834,69.37
4,60.0,40.0,1.5,1.9,-34.675,34.94,58,13,22.41,0.0879,65.33
4,60.0,40.0,1.5,2.0,-37.547,37.88,64,14,21.88,0.0943,62.45
4,60.0,40.0,1.5,2.1,-38.21,38.49,70,18,25.71,0.106,61.79
4,60.0,40.0,1.5,2.2,-40.9679,41.34,75,19,25.33,0.1132,59.03
4,60.0,40.0,1.5,2.3,-43.5149,43.97,80,20,25.0,0.1204,56.49
4,60.0,40.0,1.5,2.4,-46.1557,46.71,87,22,25.29,0.127,53.84
4,60.0,40.0,1.5,2.5,-45.5215,46.16,90,23,25.56,0.1417,54.48
5,60.0,40.0,0.1,1.0,-3.1759,3.18,11,2,18.18,0.1824,96.82
5,60.0,40.0,0.1,1.1,-4.1389,4.14,14,4,28.57,0.1857,95.86
5,60.0,40.0,0.1,1.2,-6.3626,6.36,20,4,20.0,0.162,93.64
5,60.0,40.0,0.1,1.3,-8.5403,8.54,26,4,15.38,0.1507,91.46
5,60.0,40.0,0.1,1.4,-8.0407,8.04,26,6,23.08,0.1854,91.96
5,60.0,40.0,0.1,1.5,-10.5596,10.56,32,6,18.75,0.1722,89.44
5,60.0,40.0,0.1,1.6,-13.1753,13.18,39,8,20.51,0.1647,86.82
5,60.0,40.0,0.1,1.7,-17.7,17.7,47,7,14.89,0.1323,82.3
5,60.0,40.0,0.1,1.8,-21.9058,21.91,56,9,16.07,0.1242,78.09
5,60.0,40.0,0.1,1.9,-22.4758,22.48,58,9,15.52,0.1365,77.52
5,60.0,40.0,0.1,2.0,-26.7468,26.75,67,9,13.43,0.1301,73.25
5,60.0,40.0,0.1,2.1,-27.7095,27.71,72,10,13.89,0.1384,72.29
5,60.0,40.0,0.1,2.2,-29.0434,29.04,77,11,14.29,0.1455,70.96
5,60.0,40.0,0.1,2.3,-29.7756,29.78,81,11,13.58,0.1546,70.22
5,60.0,40.0,0.1,2.4,-31.7384,31.74,88,12,13.64,0.1581,68.26
5,60.0,40.0,0.1,2.5,-35.1695,35.17,94,12,12.77,0.1515,64.83
5,60.0,40.0,0.2,1.0,-3.5691,3.57,11,2,18.18,0.1657,96.43
5,60.0,40.0,0.2,1.1,-4.6088,4.61,14,4,28.57,0.17,95.39
5,60.0,40.0,0.2,1.2,-6.973,6.97,20,4,20.0,0.15,93.03
5,60.0,40.0,0.2,1.3,-9.2762,9.28,26,4,15.38,0.1405,90.72
5,60.0,40.0,0.2,1.4,-8.7765,8.78,26,6,23.08,0.1726,91.22
5,60.0,40.0,0.2,1.5,-11.4324,11.43,32,6,18.75,0.1612,88.57
5,60.0,40.0,0.2,1.6,-15.1158,15.12,39,7,17.95,0.1327,84.88
5,60.0,40.0,0.2,1.7,-16.8076,16.81,45,7,15.56,0.1384,83.19
5,60.0,40.0,0.2,1.8,-21.1791,21.18,54,9,16.67,0.1279,78.82
5,60.0,40.0,0.2,1.9,-22.3303,22.33,56,9,16.07,0.1373,77.67
5,60.0,40.0,0.2,2.0,-26.1391,26.14,65,9,13.85,0.1328,73.86
5,60.0,40.0,0.2,2.1,-27.0923,27.09,70,10,14.29,0.1411,72.91
5,60.0,40.0,0.2,2.2,-28.4339,28.43,75,11,14.67,0.1482,71.57
5,60.0,40.0,0.2,2.3,-29.1534,29.15,79,12,15.19,0.1577,70.85
5,60.0,40.0,0.2,2.4,-31.9406,31.94,86,13,15.12,0.1544,68.06
5,60.0,40.0,0.2,2.5,-37.7257,37.73,92,13,14.13,0.0977,62.27
5,60.0,40.0,0.3,1.0,-3.9624,3.96,11,2,18.18,0.1518,96.04
5,60.0,40.0,0.3,1.1,-5.0787,5.08,14,4,28.57,0.1568,94.92
5,60.0,40.0,0.3,1.2,-7.5834,7.58,20,4,20.0,0.1396,92.42
5,60.0,40.0,0.3,1.3,-10.012,10.01,26,4,15.38,0.1315,89.99
5,60.0,40.0,0.3,1.4,-9.5123,9.51,26,6,23.08,0.1614,90.49
5,60.0,40.0,0.3,1.5,-13.2429,13.24,32,5,15.62,0.1293,86.76
5,60.0,40.0,0.3,1.6,-16.1705,16.17,39,7,17.95,0.1252,83.83
5,60.0,40.0,0.3,1.7,-17.9332,17.93,45,7,15.56,0.1308,82.07
5,60.0,40.0,0.3,1.8,-23.1041,23.1,54,9,16.67,0.1185,76.9
5,60.0,40.0,0.3,1.9,-23.7415,23.74,56,9,16.07,0.1302,76.26
5,60.0,40.0,0.3,2.0,-27.6943,27.69,65,9,13.85,0.1263,72.31
5,60.0,40.0,0.3,2.1,-28.6862,28.69,70,10,14.29,0.1343,71.31
5,60.0,40.0,0.3,2.2,-30.0838,30.08,75,11,14.67,0.1412,69.92
5,60.0,40.0,0.3,2.3,-31.643,31.64,79,11,13.92,0.1434,68.36
5,60.0,40.0,0.3,2.4,-36.803,36.8,86,12,13.95,0.0901,63.2
5,60.0,40.0,0.3,2.5,-39.7238,39.72,92,13,14.13,0.0933,60.28
5,60.0,40.0,0.4,1.0,-4.3556,4.36,11,2,18.18,0.14,95.64
5,60.0,40.0,0.4,1.1,-5.5486,5.55,14,4,28.57,0.1454,94.45
5,60.0,40.0,0.4,1.2,-8.1939,8.19,20,4,20.0,0.1306,91.81
5,60.0,40.0,0.4,1.3,-10.7479,10.75,26,4,15.38,0.1236,89.25
5,60.0,40.0,0.4,1.4,-11.1859,11.19,26,5,19.23,0.1287,88.81
5,60.0,40.0,0.4,1.5,-14.1677,14.17,32,5,15.62,0.1219,85.83
5,60.0,40.0,0.4,1.6,-16.0637,16.06,38,7,18.42,0.1259,83.94
5,60.0,40.0,0.4,1.7,-18.4573,18.46,44,7,15.91,0.1276,81.54
5,60.0,40.0,0.4,1.8,-24.4715,24.47,54,9,16.67,0.1127,75.53
5,60.0,40.0,0.4,1.9,-25.1528,25.15,56,9,16.07,0.1238,74.85
5,60.0,40.0,0.4,2.0,-29.2495,29.25,65,9,13.85,0.1204,70.75
5,60.0,40.0,0.4,2.1,-30.2801,30.28,70,10,14.29,0.1281,69.72
5,60.0,40.0,0.4,2.2,-32.5378,32.54,75,10,13.33,0.129,67.46
5,60.0,40.0,0.4,2.3,-36.437,36.44,79,10,12.66,0.0814,63.56
5,60.0,40.0,0.4,2.4,-38.7026,38.7,86,12,13.95,0.0861,61.3
5,60.0,40.0,0.4,2.5,-41.2774,41.28,90,12,13.33,0.0892,58.72
5,60.0,40.0,0.5,1.0,-4.7488,4.75,11,2,18.18,0.1299,95.25
5,60.0,40.0,0.5,1.1,-6.0185,6.02,14,4,28.57,0.1356,93.98
5,60.0,40.0,0.5,1.2,-8.8043,8.8,20,4,20.0,0.1226,91.2
5,60.0,40.0,0.5,1.3,-12.4214,12.42,26,3,11.54,0.1006,87.58
5,60.0,40.0,0.5,1.4,-11.9738,11.97,26,5,19.23,0.1212,88.03
5,60.0,40.0,0.5,1.5,-15.0926,15.09,32,5,15.62,0.1153,84.91
5,60.0,40.0,0.5,1.6,-17.653,17.65,38,7,18.42,0.1159,82.35
5,60.0,40.0,0.5,1.7,-19.5598,19.56,44,7,15.91,0.1213,80.44
5,60.0,40.0,0.5,1.8,-25.8388,25.84,54,9,16.67,0.1073,74.16
5,60.0,40.0,0.5,1.9,-26.564,26.56,56,9,16.07,0.118,73.44
5,60.0,40.0,0.5,2.0,-29.628,29.63,64,9,14.06,0.119,70.37
5,60.0,40.0,0.5,2.1,-31.4805,31.48,69,9,13.04,0.1214,68.52
5,60.0,40.0,0.5,2.2,-36.0781,36.08,74,9,12.16,0.0734,63.92
5,60.0,40.0,0.5,2.3,-37.0285,37.03,78,10,12.82,0.0802,62.97
5,60.0,40.0,0.5,2.4,-39.965,39.97,84,11,13.1,0.0831,60.03
5,60.0,40.0,0.5,2.5,-43.3817,43.38,88,10,11.36,0.0654,56.62
5,60.0,40.0,0.6,1.0,-5.1421,5.14,11,2,18.18,0.1212,94.86
5,60.0,40.0,0.6,1.1,-6.4885,6.49,14,4,28.57,0.1271,93.51
5,60.0,40.0,0.6,1.2,-8.9664,8.97,19,3,15.79,0.1142,91.03
5,60.0,40.0,0.6,1.3,-11.7886,11.79,25,3,12.0,0.1054,88.21
5,60.0,40.0,0.6,1.4,-11.3061,11.31,25,5,20.0,0.1275,88.69
5,60.0,40.0,0.6,1.5,-15.1125,15.11,31,5,16.13,0.1151,84.89
5,60.0,40.0,0.6,1.6,-17.1595,17.16,37,8,21.62,0.1192,82.84
5,60.0,40.0,0.6,1.7,-19.1022,19.1,43,8,18.6,0.1255,80.9
5,60.0,40.0,0.6,1.8,-25.6113,25.61,53,10,18.87,0.1106,74.39
5,60.0,40.0,0.6,1.9,-26.3455,26.35,55,10,18.18,0.1222,73.65
5,60.0,40.0,0.6,2.0,-30.1511,30.15,62,9,14.52,0.1192,69.85
5,60.0,40.0,0.6,2.1,-33.1445,33.14,66,9,13.64,0.075,66.86
5,60.0,40.0,0.6,2.2,-36.5353,36.54,72,9,12.5,0.0726,63.46
5,60.0,40.0,0.6,2.3,-38.1221,38.12,75,10,13.33,0.0781,61.88
5,60.0,40.0,0.6,2.4,-42.5629,42.56,82,9,10.98,0.0597,57.44
5,60.0,40.0,0.6,2.5,-44.1098,44.11,86,10,11.63,0.0644,55.89
5,60.0,40.0,0.7,1.0,-5.5353,5.54,11,2,18.18,0.1136,94.46
5,60.0,40.0,0.7,1.1,-7.8959,7.9,14,3,21.43,0.1045,92.1
5,60.0,40.0,0.7,1.2,-9.5592,9.56,19,3,15.79,0.1079,90.44
5,60.0,40.0,0.7,1.3,-12.5068,12.51,25,3,12.0,0.1,87.49
5,60.0,40.0,0.7,1.4,-12.0243,12.02,25,5,20.0,0.1208,87.98
5,60.0,40.0,0.7,1.5,-15.9955,16.0,31,5,16.13,0.1095,84.0
5,60.0,40.0,0.7,1.6,-18.1214,18.12,37,8,21.62,0.1136,81.88
5,60.0,40.0,0.7,1.7,-20.135,20.14,43,8,18.6,0.1199,79.86
5,60.0,40.0,0.7,1.8,-26.909,26.91,53,10,18.87,0.1058,73.09
5,60.0,40.0,0.7,1.9,-28.4913,28.49,55,9,16.36,0.113,71.51
5,60.0,40.0,0.7,2.0,-34.7043,34.7,62,8,12.9,0.0634,65.3
5,60.0,40.0,0.7,2.1,-34.7336,34.73,66,9,13.64,0.0718,65.27
5,60.0,40.0,0.7,2.2,-38.8254,38.83,71,9,12.68,0.0686,61.17
5,60.0,40.0,0.7,2.3,-42.4211,42.42,75,8,10.67,0.0533,57.58
5,60.0,40.0,0.7,2.4,-45.0268,45.03,82,9,10.98,0.0566,54.97
5,60.0,40.0,0.7,2.5,-46.0673,46.07,86,10,11.63,0.0618,53.93
5,60.0,40.0,0.8,1.0,-6.8661,6.87,11,2,18.18,0.0937,93.13
5,60.0,40.0,0.8,1.1,-8.4179,8.42,14,3,21.43,0.0987,91.58
5,60.0,40.0,0.8,1.2,-10.152,10.15,19,3,15.79,0.1022,89.85
5,60.0,40.0,0.8,1.3,-13.225,13.23,25,3,12.0,0.0951,86.77
5,60.0,40.0,0.8,1.4,-12.7425,12.74,25,5,20.0,0.1148,87.26
5,60.0,40.0,0.8,1.5,-16.8785,16.88,31,5,16.13,0.1044,83.12
5,60.0,40.0,0.8,1.6,-19.0834,19.08,37,8,21.62,0.1085,80.92
5,60.0,40.0,0.8,1.7,-21.1678,21.17,43,8,18.6,0.1147,78.83
5,60.0,40.0,0.8,1.8,-27.5945,27.59,52,9,17.31,0.1033,72.41
5,60.0,40.0,0.8,1.9,-31.5009,31.5,54,8,14.81,0.0601,68.5
5,60.0,40.0,0.8,2.0,-33.5409,33.54,60,8,13.33,0.0655,66.46
5,60.0,40.0,0.8,2.1,-34.0758,34.08,63,9,14.29,0.0731,65.92
5,60.0,40.0,0.8,2.2,-38.371,38.37,68,9,13.24,0.0573,61.63
5,60.0,40.0,0.8,2.3,-40.7889,40.79,73,10,13.7,0.0616,59.21
5,60.0,40.0,0.8,2.4,-42.8264,42.83,80,11,13.75,0.0664,57.17
5,60.0,40.0,0.8,2.5,-43.8189,43.82,84,12,14.29,0.0728,56.18
5,60.0,40.0,0.9,1.0,-5.2819,5.28,10,2,20.0,0.1184,94.72
5,60.0,40.0,0.9,1.1,-6.8575,6.89,13,4,30.77,0.1221,93.14
5,60.0,40.0,0.9,1.2,-8.6097,8.69,18,4,22.22,0.1259,91.39
5,60.0,40.0,0.9,1.3,-11.7553,11.76,24,4,16.67,0.115,88.24
5,60.0,40.0,0.9,1.4,-11.2199,11.22,24,6,25.0,0.141,88.78
5,60.0,40.0,0.9,1.5,-14.0155,14.02,29,6,20.69,0.1362,85.98
5,60.0,40.0,0.9,1.6,-16.2191,16.22,35,9,25.71,0.139,83.78
5,60.0,40.0,0.9,1.7,-19.0984,19.1,41,9,21.95,0.1393,80.9
5,60.0,40.0,0.9,1.8,-26.581,26.58,49,9,18.37,0.0725,73.42
5,60.0,40.0,0.9,1.9,-28.8701,28.87,52,9,17.31,0.0787,71.13
5,60.0,40.0,0.9,2.0,-31.4189,31.42,57,9,15.79,0.0834,68.58
5,60.0,40.0,0.9,2.1,-33.8944,33.89,61,9,14.75,0.0713,66.11
5,60.0,40.0,0.9,2.2,-35.7219,35.72,66,11,16.67,0.0774,64.28
5,60.0,40.0,0.9,2.3,-38.1387,38.14,71,12,16.9,0.0823,61.86
5,60.0,40.0,0.9,2.4,-40.1476,40.15,78,13,16.67,0.088,59.85
5,60.0,40.0,0.9,2.5,-39.8406,39.84,81,14,17.28,0.0984,60.16
5,60.0,40.0,1.0,1.0,-5.6215,5.62,10,2,20.0,0.1121,94.38
5,60.0,40.0,1.0,1.1,-6.4687,6.5,13,4,30.77,0.1285,93.53
5,60.0,40.0,1.0,1.2,-8.2534,8.33,18,4,22.22,0.1306,91.75
5,60.0,40.0,1.0,1.3,-9.8945,9.89,23,4,17.39,0.1337,90.11
5,60.0,40.0,1.0,1.4,-9.2893,9.37,23,6,26.09,0.1655,90.71
5,60.0,40.0,1.0,1.5,-12.1251,12.15,28,7,25.0,0.1556,87.87
5,60.0,40.0,1.0,1.6,-15.142,15.21,34,10,29.41,0.1504,84.86
5,60.0,40.0,1.0,1.7,-20.3285,20.43,40,9,22.5,0.0815,79.67
5,60.0,40.0,1.0,1.8,-24.9436,25.08,48,11,22.92,0.0822,75.06
5,60.0,40.0,1.0,1.9,-27.1557,27.33,50,11,22.0,0.0903,72.84
5,60.0,40.0,1.0,2.0,-32.3418,32.56,56,9,16.07,0.0736,67.66
5,60.0,40.0,1.0,2.1,-32.3039,32.43,60,11,18.33,0.0842,67.7
5,60.0,40.0,1.0,2.2,-34.1175,34.3,65,13,20.0,0.0915,65.88
5,60.0,40.0,1.0,2.3,-36.5435,36.78,70,14,20.0,0.0971,63.46
5,60.0,40.0,1.0,2.4,-38.5341,38.83,77,15,19.48,0.1035,61.47
5,60.0,40.0,1.0,2.5,-38.1572,38.51,80,16,20.0,0.1157,61.84
5,60.0,40.0,1.1,1.0,-5.9611,5.96,10,2,20.0,0.1064,94.04
5,60.0,40.0,1.1,1.1,-6.8467,6.88,13,4,30.77,0.1223,93.15
5,60.0,40.0,1.1,1.2,-8.7022,8.78,18,4,22.22,0.1248,91.3
5,60.0,40.0,1.1,1.3,-10.4057,10.41,23,4,17.39,0.128,89.59
5,60.0,40.0,1.1,1.4,-9.8004,9.88,23,6,26.09,0.1583,90.2
5,60.0,40.0,1.1,1.5,-13.5506,13.58,28,7,25.0,0.1416,86.45
5,60.0,40.0,1.1,1.6,-18.9531,19.02,34,9,26.47,0.0691,81.05
5,60.0,40.0,1.1,1.7,-21.2449,21.35,40,9,22.5,0.0783,78.76
5,60.0,40.0,1.1,1.8,-25.9065,26.05,47,11,23.4,0.0794,74.09
5,60.0,40.0,1.1,1.9,-30.8577,31.04,50,9,18.0,0.0664,69.14
5,60.0,40.0,1.1,2.0,-33.6823,33.9,56,9,16.07,0.0709,66.32
5,60.0,40.0,1.1,2.1,-33.6444,33.77,60,11,18.33,0.0811,66.36
5,60.0,40.0,1.1,2.2,-35.5141,35.69,65,13,20.0,0.0882,64.49
5,60.0,40.0,1.1,2.3,-38.0191,38.26,70,14,20.0,0.0937,61.98
5,60.0,40.0,1.1,2.4,-40.0614,40.36,77,15,19.48,0.1,59.94
5,60.0,40.0,1.1,2.5,-39.6845,40.04,80,16,20.0,0.1118,60.32
5,60.0,40.0,1.2,1.0,-6.3008,6.3,10,2,20.0,0.1013,93.7
5,60.0,40.0,1.2,1.1,-7.2247,7.25,13,4,30.77,0.1166,92.78
5,60.0,40.0,1.2,1.2,-9.1511,9.23,18,4,22.22,0.1194,90.85
5,60.0,40.0,1.2,1.3,-10.9168,10.92,23,4,17.39,0.1227,89.08
5,60.0,40.0,1.2,1.4,-11.1158,11.2,23,6,26.09,0.1422,88.88
5,60.0,40.0,1.2,1.5,-17.2831,17.31,28,6,21.43,0.0585,82.72
5,60.0,40.0,1.2,1.6,-18.1903,18.25,33,9,27.27,0.0718,81.81
5,60.0,40.0,1.2,1.7,-20.5265,20.63,39,9,23.08,0.0808,79.47
5,60.0,40.0,1.2,1.8,-27.8569,28.0,46,9,19.57,0.0613,72.14
5,60.0,40.0,1.2,1.9,-30.4285,30.61,49,9,18.37,0.0672,69.57
5,60.0,40.0,1.2,2.0,-33.3087,33.53,55,9,16.36,0.0716,66.69
5,60.0,40.0,1.2,2.1,-33.2443,33.37,59,12,20.34,0.0822,66.76
5,60.0,40.0,1.2,2.2,-35.1436,35.32,64,14,21.88,0.0898,64.86
5,60.0,40.0,1.2,2.3,-37.7012,37.94,69,15,21.74,0.0956,62.3
5,60.0,40.0,1.2,2.4,-39.7686,40.07,76,16,21.05,0.1024,60.23
5,60.0,40.0,1.2,2.5,-40.3298,40.68,79,16,20.25,0.1104,59.67
5,60.0,40.0,1.3,1.0,-3.901,3.96,9,3,33.33,0.1645,96.1
5,60.0,40.0,1.3,1.1,-4.8024,4.83,12,5,41.67,0.1826,95.2
5,60.0,40.0,1.3,1.2,-6.7389,6.82,17,5,29.41,0.1741,93.26
5,60.0,40.0,1.3,1.3,-9.3104,9.31,22,5,22.73,0.1596,90.69
5,60.0,40.0,1.3,1.4,-11.7559,11.84,22,6,27.27,0.0853,88.24
5,60.0,40.0,1.3,1.5,-15.0063,15.03,27,7,25.93,0.0873,84.99
5,60.0,40.0,1.3,1.6,-15.8788,15.94,32,10,31.25,0.1033,84.12
5,60.0,40.0,1.3,1.7,-19.1678,19.27,38,10,26.32,0.1066,80.83
5,60.0,40.0,1.3,1.8,-25.7464,25.89,45,10,22.22,0.084,74.25
5,60.0,40.0,1.3,1.9,-29.6869,29.87,49,10,20.41,0.0862,70.31
5,60.0,40.0,1.3,2.0,-32.5883,32.8,55,10,18.18,0.0903,67.41
5,60.0,40.0,1.3,2.1,-32.4631,32.59,59,13,22.03,0.1024,67.54
5,60.0,40.0,1.3,2.2,-34.3576,34.54,64,15,23.44,0.1102,65.64
5,60.0,40.0,1.3,2.3,-36.9335,37.17,69,16,23.19,0.1158,63.07
5,60.0,40.0,1.3,2.4,-39.9562,40.25,76,16,21.05,0.1185,60.04
5,60.0,40.0,1.3,2.5,-40.1675,40.52,79,17,21.52,0.1295,59.83
5,60.0,40.0,1.4,1.0,-4.1189,4.18,9,3,33.33,0.1572,95.88
5,60.0,40.0,1.4,1.1,-5.0587,5.09,12,5,41.67,0.175,94.94
5,60.0,40.0,1.4,1.2,-7.066,7.15,17,5,29.41,0.1674,92.93
5,60.0,40.0,1.4,1.3,-12.8118,12.81,22,4,18.18,0.0612,87.19
5,60.0,40.0,1.4,1.4,-12.2907,12.37,22,6,27.27,0.0819,87.71
5,60.0,40.0,1.4,1.5,-15.6513,15.68,27,7,25.93,0.084,84.35
5,60.0,40.0,1.4,1.6,-17.4926,17.56,32,10,31.25,0.0947,82.51
5,60.0,40.0,1.4,1.7,-19.9412,20.04,38,10,26.32,0.1029,80.06
5,60.0,40.0,1.4,1.8,-26.7401,26.88,45,10,22.22,0.0812,73.26
5,60.0,40.0,1.4,1.9,-30.8316,31.01,49,10,20.41,0.0832,69.17
5,60.0,40.0,1.4,2.0,-33.815,34.03,55,10,18.18,0.0874,66.18
5,60.0,40.0,1.4,2.1,-33.6898,33.81,59,13,22.03,0.0991,66.31
5,60.0,40.0,1.4,2.2,-35.6403,35.82,64,15,23.44,0.1067,64.36
5,60.0,40.0,1.4,2.3,-39.2599,39.5,69,15,21.74,0.1087,60.74
5,60.0,40.0,1.4,2.4,-42.0452,42.34,76,16,21.05,0.1133,57.95
5,60.0,40.0,1.4,2.5,-41.6242,41.98,79,17,21.52,0.1255,58.38
5,60.0,40.0,1.5,1.0,-4.3368,4.39,9,3,33.33,0.1505,95.66
5,60.0,40.0,1.5,1.1,-5.315,5.35,12,5,41.67,0.168,94.68
5,60.0,40.0,1.5,1.2,-10.4745,10.55,17,4,23.53,0.0543,89.53
5,60.0,40.0,1.5,1.3,-13.3467,13.35,22,4,18.18,0.0589,86.65
5,60.0,40.0,1.5,1.4,-12.8256,12.91,22,6,27.27,0.0788,87.17
5,60.0,40.0,1.5,1.5,-17.2391,17.26,27,7,25.93,0.0769,82.76
5,60.0,40.0,1.5,1.6,-18.1951,18.26,32,10,31.25,0.0914,81.8
5,60.0,40.0,1.5,1.7,-20.7145,20.82,38,10,26.32,0.0995,79.29
5,60.0,40.0,1.5,1.8,-27.7338,27.87,45,10,22.22,0.0785,72.27
5,60.0,40.0,1.5,1.9,-31.9762,32.15,49,10,20.41,0.0805,68.02
5,60.0,40.0,1.5,2.0,-35.0418,35.26,55,10,18.18,0.0846,64.96
5,60.0,40.0,1.5,2.1,-34.9165,35.04,59,13,22.03,0.0959,65.08
5,60.0,40.0,1.5,2.2,-37.8877,38.07,64,14,21.88,0.1005,62.11
5,60.0,40.0,1.5,2.3,-40.6478,40.89,69,15,21.74,0.1054,59.35
5,60.0,40.0,1.5,2.4,-43.5019,43.8,76,16,21.05,0.1099,56.5
5,60.0,40.0,1.5,2.5,-43.0808,43.44,79,17,21.52,0.1218,56.92
6,60.0,40.0,0.1,1.0,-3.1759,3.18,11,2,18.18,0.1824,96.82
6,60.0,40.0,0.1,1.1,-4.1389,4.14,14,4,28.57,0.1857,95.86
6,60.0,40.0,0.1,1.2,-6.3626,6.36,20,4,20.0,0.162,93.64
6,60.0,40.0,0.1,1.3,-8.5403,8.54,26,4,15.38,0.1507,91.46
6,60.0,40.0,0.1,1.4,-8.0407,8.04,26,6,23.08,0.1854,91.96
6,60.0,40.0,0.1,1.5,-10.5596,10.56,32,6,18.75,0.1722,89.44
6,60.0,40.0,0.1,1.6,-13.1753,13.18,39,8,20.51,0.1647,86.82
6,60.0,40.0,0.1,1.7,-16.5523,16.55,45,7,15.56,0.1402,83.45
6,60.0,40.0,0.1,1.8,-20.7582,20.76,54,9,16.67,0.1302,79.24
6,60.0,40.0,0.1,1.9,-21.3282,21.33,56,9,16.07,0.1428,78.67
6,60.0,40.0,0.1,2.0,-25.5991,25.6,65,9,13.85,0.1352,74.4
6,60.0,40.0,0.1,2.1,-26.5619,26.56,70,10,14.29,0.1435,73.44
6,60.0,40.0,0.1,2.2,-27.8958,27.9,75,11,14.67,0.1506,72.1
6,60.0,40.0,0.1,2.3,-28.628,28.63,79,11,13.92,0.1598,71.37
6,60.0,40.0,0.1,2.4,-30.5907,30.59,86,12,13.95,0.1631,69.41
6,60.0,40.0,0.1,2.5,-34.0219,34.02,92,12,13.04,0.1558,65.98
6,60.0,40.0,0.2,1.0,-3.5691,3.57,11,2,18.18,0.1657,96.43
6,60.0,40.0,0.2,1.1,-4.6088,4.61,14,4,28.57,0.17,95.39
6,60.0,40.0,0.2,1.2,-6.973,6.97,20,4,20.0,0.15,93.03
6,60.0,40.0,0.2,1.3,-9.2762,9.28,26,4,15.38,0.1405,90.72
6,60.0,40.0,0.2,1.4,-8.7765,8.78,26,6,23.08,0.1726,91.22
6,60.0,40.0,0.2,1.5,-11.4324,11.43,32,6,18.75,0.1612,88.57
6,60.0,40.0,0.2,1.6,-15.1158,15.12,39,7,17.95,0.1327,84.88
6,60.0,40.0,0.2,1.7,-16.6626,16.66,44,7,15.91,0.1394,83.34
6,60.0,40.0,0.2,1.8,-21.0579,21.06,53,9,16.98,0.1286,78.94
6,60.0,40.0,0.2,1.9,-22.2329,22.23,55,9,16.36,0.1378,77.77
6,60.0,40.0,0.2,2.0,-26.0656,26.07,64,9,14.06,0.1331,73.93
6,60.0,40.0,0.2,2.1,-27.0426,27.04,69,10,14.49,0.1413,72.96
6,60.0,40.0,0.2,2.2,-28.408,28.41,74,11,14.86,0.1483,71.59
6,60.0,40.0,0.2,2.3,-29.1514,29.15,78,12,15.38,0.1578,70.85
6,60.0,40.0,0.2,2.4,-31.9624,31.96,85,12,14.12,0.1538,68.04
6,60.0,40.0,0.2,2.5,-37.7713,37.77,91,12,13.19,0.0967,62.23
6,60.0,40.0,0.3,1.0,-3.9624,3.96,11,2,18.18,0.1518,96.04
6,60.0,40.0,0.3,1.1,-5.0787,5.08,14,4,28.57,0.1568,94.92
6,60.0,40.0,0.3,1.2,-7.5834,7.58,20,4,20.0,0.1396,92.42
6,60.0,40.0,0.3,1.3,-10.012,10.01,26,4,15.38,0.1315,89.99
6,60.0,40.0,0.3,1.4,-9.5123,9.51,26,6,23.08,0.1614,90.49
6,60.0,40.0,0.3,1.5,-13.2429,13.24,32,5,15.62,0.1293,86.76
6,60.0,40.0,0.3,1.6,-16.1705,16.17,39,7,17.95,0.1252,83.83
6,60.0,40.0,0.3,1.7,-17.7882,17.79,44,7,15.91,0.1318,82.21
6,60.0,40.0,0.3,1.8,-22.983,22.98,53,9,16.98,0.1191,77.02
6,60.0,40.0,0.3,1.9,-23.6442,23.64,55,9,16.36,0.1307,76.36
6,60.0,40.0,0.3,2.0,-27.6208,27.62,64,9,14.06,0.1265,72.38
6,60.0,40.0,0.3,2.1,-28.6365,28.64,69,10,14.49,0.1345,71.36
6,60.0,40.0,0.3,2.2,-30.058,30.06,74,11,14.86,0.1413,69.94
6,60.0,40.0,0.3,2.3,-31.641,31.64,78,11,14.1,0.1435,68.36
6,60.0,40.0,0.3,2.4,-36.8248,36.82,85,11,12.94,0.0896,63.18
6,60.0,40.0,0.3,2.5,-39.7694,39.77,91,12,13.19,0.0922,60.23
6,60.0,40.0,0.4,1.0,-4.3556,4.36,11,2,18.18,0.14,95.64
6,60.0,40.0,0.4,1.1,-5.5486,5.55,14,4,28.57,0.1454,94.45
6,60.0,40.0,0.4,1.2,-8.1939,8.19,20,4,20.0,0.1306,91.81
6,60.0,40.0,0.4,1.3,-10.7479,10.75,26,4,15.38,0.1236,89.25
6,60.0,40.0,0.4,1.4,-11.1859,11.19,26,5,19.23,0.1287,88.81
6,60.0,40.0,0.4,1.5,-14.1677,14.17,32,5,15.62,0.1219,85.83
6,60.0,40.0,0.4,1.6,-16.0637,16.06,38,7,18.42,0.1259,83.94
6,60.0,40.0,0.4,1.7,-18.3123,18.31,43,7,16.28,0.1285,81.69
6,60.0,40.0,0.4,1.8,-24.3503,24.35,53,9,16.98,0.1132,75.65
6,60.0,40.0,0.4,1.9,-25.0554,25.06,55,9,16.36,0.1242,74.94
6,60.0,40.0,0.4,2.0,-29.176,29.18,64,9,14.06,0.1206,70.82
6,60.0,40.0,0.4,2.1,-30.2304,30.23,69,10,14.49,0.1283,69.77
6,60.0,40.0,0.4,2.2,-32.512,32.51,74,10,13.51,0.129,67.49
6,60.0,40.0,0.4,2.3,-36.4349,36.43,78,10,12.82,0.0814,63.57
6,60.0,40.0,0.4,2.4,-38.7244,38.72,85,11,12.94,0.0856,61.28
6,60.0,40.0,0.4,2.5,-41.2774,41.28,90,12,13.33,0.0892,58.72
6,60.0,40.0,0.5,1.0,-4.7488,4.75,11,2,18.18,0.1299,95.25
6,60.0,40.0,0.5,1.1,-6.0185,6.02,14,4,28.57,0.1356,93.98
6,60.0,40.0,0.5,1.2,-8.8043,8.8,20,4,20.0,0.1226,91.2
6,60.0,40.0,0.5,1.3,-12.4214,12.42,26,3,11.54,0.1006,87.58
6,60.0,40.0,0.5,1.4,-11.9738,11.97,26,5,19.23,0.1212,88.03
6,60.0,40.0,0.5,1.5,-15.0926,15.09,32,5,15.62,0.1153,84.91
6,60.0,40.0,0.5,1.6,-17.653,17.65,38,7,18.42,0.1159,82.35
6,60.0,40.0,0.5,1.7,-19.4148,19.41,43,7,16.28,0.1221,80.59
6,60.0,40.0,0.5,1.8,-25.7177,25.72,53,9,16.98,0.1078,74.28
6,60.0,40.0,0.5,1.9,-26.4667,26.47,55,9,16.36,0.1184,73.53
6,60.0,40.0,0.5,2.0,-29.5545,29.55,63,9,14.29,0.1193,70.45
6,60.0,40.0,0.5,2.1,-31.4308,31.43,68,9,13.24,0.1216,68.57
6,60.0,40.0,0.5,2.2,-36.0522,36.05,73,9,12.33,0.0735,63.95
6,60.0,40.0,0.5,2.3,-37.0264,37.03,77,10,12.99,0.0802,62.97
6,60.0,40.0,0.5,2.4,-39.965,39.97,84,11,13.1,0.0831,60.03
6,60.0,40.0,0.5,2.5,-43.3817,43.38,88,10,11.36,0.0654,56.62
6,60.0,40.0,0.6,1.0,-5.1421,5.14,11,2,18.18,0.1212,94.86
6,60.0,40.0,0.6,1.1,-6.4885,6.49,14,4,28.57,0.1271,93.51
6,60.0,40.0,0.6,1.2,-8.9664,8.97,19,3,15.79,0.1142,91.03
6,60.0,40.0,0.6,1.3,-11.7886,11.79,25,3,12.0,0.1054,88.21
6,60.0,40.0,0.6,1.4,-11.3061,11.31,25,5,20.0,0.1275,88.69
6,60.0,40.0,0.6,1.5,-15.1125,15.11,31,5,16.13,0.1151,84.89
6,60.0,40.0,0.6,1.6,-17.1595,17.16,37,8,21.62,0.1192,82.84
6,60.0,40.0,0.6,1.7,-18.9572,18.96,42,8,19.05,0.1264,81.04
6,60.0,40.0,0.6,1.8,-25.4901,25.49,52,10,19.23,0.111,74.51
6,60.0,40.0,0.6,1.9,-26.2482,26.25,54,10,18.52,0.1226,73.75
6,60.0,40.0,0.6,2.0,-30.0776,30.08,61,9,14.75,0.1195,69.92
6,60.0,40.0,0.6,2.1,-33.0948,33.09,65,9,13.85,0.0751,66.91
6,60.0,40.0,0.6,2.2,-36.5094,36.51,71,9,12.68,0.0726,63.49
6,60.0,40.0,0.6,2.3,-38.1221,38.12,75,10,13.33,0.0781,61.88
6,60.0,40.0,0.6,2.4,-42.5629,42.56,82,9,10.98,0.0597,57.44
6,60.0,40.0,0.6,2.5,-44.1098,44.11,86,10,11.63,0.0644,55.89
6,60.0,40.0,0.7,1.0,-5.5353,5.54,11,2,18.18,0.1136,94.46
6,60.0,40.0,0.7,1.1,-7.8959,7.9,14,3,21.43,0.1045,92.1
6,60.0,40.0,0.7,1.2,-9.5592,9.56,19,3,15.79,0.1079,90.44
6,60.0,40.0,0.7,1.3,-12.5068,12.51,25,3,12.0,0.1,87.49
6,60.0,40.0,0.7,1.4,-12.0243,12.02,25,5,20.0,0.1208,87.98
6,60.0,40.0,0.7,1.5,-15.9955,16.0,31,5,16.13,0.1095,84.0
6,60.0,40.0,0.7,1.6,-18.1214,18.12,37,8,21.62,0.1136,81.88
6,60.0,40.0,0.7,1.7,-19.99,19.99,42,8,19.05,0.1206,80.01
6,60.0,40.0,0.7,1.8,-26.7878,26.79,52,10,19.23,0.1062,73.21
6,60.0,40.0,0.7,1.9,-28.3939,28.39,54,9,16.67,0.1133,71.61
6,60.0,40.0,0.7,2.0,-34.6308,34.63,61,8,13.11,0.0636,65.37
6,60.0,40.0,0.7,2.1,-34.6839,34.68,65,9,13.85,0.0719,65.32
6,60.0,40.0,0.7,2.2,-38.8254,38.83,71,9,12.68,0.0686,61.17
6,60.0,40.0,0.7,2.3,-42.4211,42.42,75,8,10.67,0.0533,57.58
6,60.0,40.0,0.7,2.4,-45.0268,45.03,82,9,10.98,0.0566,54.97
6,60.0,40.0,0.7,2.5,-46.0673,46.07,86,10,11.63,0.0618,53.93
6,60.0,40.0,0.8,1.0,-6.8661,6.87,11,2,18.18,0.0937,93.13
6,60.0,40.0,0.8,1.1,-8.4179,8.42,14,3,21.43,0.0987,91.58
6,60.0,40.0,0.8,1.2,-10.152,10.15,19,3,15.79,0.1022,89.85
6,60.0,40.0,0.8,1.3,-13.225,13.23,25,3,12.0,0.0951,86.77
6,60.0,40.0,0.8,1.4,-12.7425,12.74,25,5,20.0,0.1148,87.26
6,60.0,40.0,0.8,1.5,-16.8785,16.88,31,5,16.13,0.1044,83.12
6,60.0,40.0,0.8,1.6,-19.0834,19.08,37,8,21.62,0.1085,80.92
6,60.0,40.0,0.8,1.7,-21.0228,21.02,42,8,19.05,0.1154,78.98
6,60.0,40.0,0.8,1.8,-27.4734,27.47,51,9,17.65,0.1037,72.53
6,60.0,40.0,0.8,1.9,-31.4036,31.4,53,8,15.09,0.0602,68.6
6,60.0,40.0,0.8,2.0,-33.4674,33.47,59,8,13.56,0.0656,66.53
6,60.0,40.0,0.8,2.1,-34.0758,34.08,63,9,14.29,0.0731,65.92
6,60.0,40.0,0.8,2.2,-38.371,38.37,68,9,13.24,0.0573,61.63
6,60.0,40.0,0.8,2.3,-40.7889,40.79,73,10,13.7,0.0616,59.21
6,60.0,40.0,0.8,2.4,-42.8264,42.83,80,11,13.75,0.0664,57.17
6,60.0,40.0,0.8,2.5,-43.8189,43.82,84,12,14.29,0.0728,56.18
6,60.0,40.0,0.9,1.0,-5.2819,5.28,10,2,20.0,0.1184,94.72
6,60.0,40.0,0.9,1.1,-6.8575,6.89,13,4,30.77,0.1221,93.14
6,60.0,40.0,0.9,1.2,-8.6097,8.69,18,4,22.22,0.1259,91.39
6,60.0,40.0,0.9,1.3,-11.7553,11.76,24,4,16.67,0.115,88.24
6,60.0,40.0,0.9,1.4,-11.2199,11.22,24,6,25.0,0.141,88.78
6,60.0,40.0,0.9,1.5,-14.0155,14.02,29,6,20.69,0.1362,85.98
6,60.0,40.0,0.9,1.6,-16.2191,16.22,35,9,25.71,0.139,83.78
6,60.0,40.0,0.9,1.7,-18.9534,18.95,40,9,22.5,0.1402,81.05
6,60.0,40.0,0.9,1.8,-26.4598,26.46,48,9,18.75,0.0728,73.54
6,60.0,40.0,0.9,1.9,-28.7727,28.77,51,9,17.65,0.079,71.23
6,60.0,40.0,0.9,2.0,-31.4189,31.42,57,9,15.79,0.0834,68.58
6,60.0,40.0,0.9,2.1,-33.8944,33.89,61,9,14.75,0.0713,66.11
6,60.0,40.0,0.9,2.2,-35.7219,35.72,66,11,16.67,0.0774,64.28
6,60.0,40.0,0.9,2.3,-38.1387,38.14,71,12,16.9,0.0823,61.86
6,60.0,40.0,0.9,2.4,-40.1476,40.15,78,13,16.67,0.088,59.85
6,60.0,40.0,0.9,2.5,-39.8406,39.84,81,14,17.28,0.0984,60.16
6,60.0,40.0,1.0,1.0,-5.6215,5.62,10,2,20.0,0.1121,94.38
6,60.0,40.0,1.0,1.1,-6.4687,6.5,13,4,30.77,0.1285,93.53
6,60.0,40.0,1.0,1.2,-8.2534,8.33,18,4,22.22,0.1306,91.75
6,60.0,40.0,1.0,1.3,-9.8945,9.89,23,4,17.39,0.1337,90.11
6,60.0,40.0,1.0,1.4,-9.2893,9.37,23,6,26.09,0.1655,90.71
6,60.0,40.0,1.0,1.5,-12.1251,12.15,28,7,25.0,0.1556,87.87
6,60.0,40.0,1.0,1.6,-15.142,15.21,34,10,29.41,0.1504,84.86
6,60.0,40.0,1.0,1.7,-20.1835,20.29,39,9,23.08,0.0821,79.82
6,60.0,40.0,1.0,1.8,-24.8225,24.96,47,11,23.4,0.0826,75.18
6,60.0,40.0,1.0,1.9,-27.1557,27.33,50,11,22.0,0.0903,72.84
6,60.0,40.0,1.0,2.0,-32.3418,32.56,56,9,16.07,0.0736,67.66
6,60.0,40.0,1.0,2.1,-32.3039,32.43,60,11,18.33,0.0842,67.7
6,60.0,40.0,1.0,2.2,-34.1175,34.3,65,13,20.0,0.0915,65.88
6,60.0,40.0,1.0,2.3,-36.5435,36.78,70,14,20.0,0.0971,63.46
6,60.0,40.0,1.0,2.4,-38.5341,38.83,77,15,19.48,0.1035,61.47
6,60.0,40.0,1.0,2.5,-38.1572,38.51,80,16,20.0,0.1157,61.84
6,60.0,40.0,1.1,1.0,-5.9611,5.96,10,2,20.0,0.1064,94.04
6,60.0,40.0,1.1,1.1,-6.8467,6.88,13,4,30.77,0.1223,93.15
6,60.0,40.0,1.1,1.2,-8.7022,8.78,18,4,22.22,0.1248,91.3
6,60.0,40.0,1.1,1.3,-10.4057,10.41,23,4,17.39,0.128,89.59
6,60.0,40.0,1.1,1.4,-9.8004,9.88,23,6,26.09,0.1583,90.2
6,60.0,40.0,1.1,1.5,-13.5506,13.58,28,7,25.0,0.1416,86.45
6,60.0,40.0,1.1,1.6,-18.9531,19.02,34,9,26.47,0.0691,81.05
6,60.0,40.0,1.1,1.7,-21.0999,21.2,39,9,23.08,0.0788,78.9
6,60.0,40.0,1.1,1.8,-25.9065,26.05,47,11,23.4,0.0794,74.09
6,60.0,40.0,1.1,1.9,-30.8577,31.04,50,9,18.0,0.0664,69.14
6,60.0,40.0,1.1,2.0,-33.6823,33.9,56,9,16.07,0.0709,66.32
6,60.0,40.0,1.1,2.1,-33.6444,33.77,60,11,18.33,0.0811,66.36
6,60.0,40.0,1.1,2.2,-35.5141,35.69,65,13,20.0,0.0882,64.49
6,60.0,40.0,1.1,2.3,-38.0191,38.26,70,14,20.0,0.0937,61.98
6,60.0,40.0,1.1,2.4,-40.0614,40.36,77,15,19.48,0.1,59.94
6,60.0,40.0,1.1,2.5,-39.6845,40.04,80,16,20.0,0.1118,60.32
6,60.0,40.0,1.2,1.0,-6.3008,6.3,10,2,20.0,0.1013,93.7
6,60.0,40.0,1.2,1.1,-7.2247,7.25,13,4,30.77,0.1166,92.78
6,60.0,40.0,1.2,1.2,-9.1511,9.23,18,4,22.22,0.1194,90.85
6,60.0,40.0,1.2,1.3,-10.9168,10.92,23,4,17.39,0.1227,89.08
6,60.0,40.0,1.2,1.4,-11.1158,11.2,23,6,26.09,0.1422,88.88
6,60.0,40.0,1.2,1.5,-17.2831,17.31,28,6,21.43,0.0585,82.72
6,60.0,40.0,1.2,1.6,-18.1903,18.25,33,9,27.27,0.0718,81.81
6,60.0,40.0,1.2,1.7,-20.3815,20.48,38,9,23.68,0.0813,79.62
6,60.0,40.0,1.2,1.8,-27.8569,28.0,46,9,19.57,0.0613,72.14
6,60.0,40.0,1.2,1.9,-30.4285,30.61,49,9,18.37,0.0672,69.57
6,60.0,40.0,1.2,2.0,-33.3087,33.53,55,9,16.36,0.0716,66.69
6,60.0,40.0,1.2,2.1,-33.2443,33.37,59,12,20.34,0.0822,66.76
6,60.0,40.0,1.2,2.2,-35.1436,35.32,64,14,21.88,0.0898,64.86
6,60.0,40.0,1.2,2.3,-37.7012,37.94,69,15,21.74,0.0956,62.3
6,60.0,40.0,1.2,2.4,-39.7686,40.07,76,16,21.05,0.1024,60.23
6,60.0,40.0,1.2,2.5,-40.3298,40.68,79,16,20.25,0.1104,59.67
6,60.0,40.0,1.3,1.0,-3.901,3.96,9,3,33.33,0.1645,96.1
6,60.0,40.0,1.3,1.1,-4.8024,4.83,12,5,41.67,0.1826,95.2
6,60.0,40.0,1.3,1.2,-6.7389,6.82,17,5,29.41,0.1741,93.26
6,60.0,40.0,1.3,1.3,-9.3104,9.31,22,5,22.73,0.1596,90.69
6,60.0,40.0,1.3,1.4,-11.7559,11.84,22,6,27.27,0.0853,88.24
6,60.0,40.0,1.3,1.5,-15.0063,15.03,27,7,25.93,0.0873,84.99
6,60.0,40.0,1.3,1.6,-15.8788,15.94,32,10,31.25,0.1033,84.12
6,60.0,40.0,1.3,1.7,-19.0228,19.12,37,10,27.03,0.1074,80.98
6,60.0,40.0,1.3,1.8,-25.7464,25.89,45,10,22.22,0.084,74.25
6,60.0,40.0,1.3,1.9,-29.6869,29.87,49,10,20.41,0.0862,70.31
6,60.0,40.0,1.3,2.0,-32.5883,32.8,55,10,18.18,0.0903,67.41
6,60.0,40.0,1.3,2.1,-32.4631,32.59,59,13,22.03,0.1024,67.54
6,60.0,40.0,1.3,2.2,-34.3576,34.54,64,15,23.44,0.1102,65.64
6,60.0,40.0,1.3,2.3,-36.9335,37.17,69,16,23.19,0.1158,63.07
6,60.0,40.0,1.3,2.4,-39.9562,40.25,76,16,21.05,0.1185,60.04
6,60.0,40.0,1.3,2.5,-40.1675,40.52,79,17,21.52,0.1295,59.83
6,60.0,40.0,1.4,1.0,-4.1189,4.18,9,3,33.33,0.1572,95.88
6,60.0,40.0,1.4,1.1,-5.0587,5.09,12,5,41.67,0.175,94.94
6,60.0,40.0,1.4,1.2,-7.066,7.15,17,5,29.41,0.1674,92.93
6,60.0,40.0,1.4,1.3,-12.8118,12.81,22,4,18.18,0.0612,87.19
6,60.0,40.0,1.4,1.4,-12.2907,12.37,22,6,27.27,0.0819,87.71
6,60.0,40.0,1.4,1.5,-15.6513,15.68,27,7,25.93,0.084,84.35
6,60.0,40.0,1.4,1.6,-17.4926,17.56,32,10,31.25,0.0947,82.51
6,60.0,40.0,1.4,1.7,-19.7962,19.9,37,10,27.03,0.1036,80.2
6,60.0,40.0,1.4,1.8,-26.7401,26.88,45,10,22.22,0.0812,73.26
6,60.0,40.0,1.4,1.9,-30.8316,31.01,49,10,20.41,0.0832,69.17
6,60.0,40.0,1.4,2.0,-33.815,34.03,55,10,18.18,0.0874,66.18
6,60.0,40.0,1.4,2.1,-33.6898,33.81,59,13,22.03,0.0991,66.31
6,60.0,40.0,1.4,2.2,-35.6403,35.82,64,15,23.44,0.1067,64.36
6,60.0,40.0,1.4,2.3,-39.2599,39.5,69,15,21.74,0.1087,60.74
6,60.0,40.0,1.4,2.4,-42.0452,42.34,76,16,21.05,0.1133,57.95
6,60.0,40.0,1.4,2.5,-41.6242,41.98,79,17,21.52,0.1255,58.38
6,60.0,40.0,1.5,1.0,-4.3368,4.39,9,3,33.33,0.1505,95.66
6,60.0,40.0,1.5,1.1,-5.315,5.35,12,5,41.67,0.168,94.68
6,60.0,40.0,1.5,1.2,-10.4745,10.55,17,4,23.53,0.0543,89.53
6,60.0,40.0,1.5,1.3,-13.3467,13.35,22,4,18.18,0.0589,86.65
6,60.0,40.0,1.5,1.4,-12.8256,12.91,22,6,27.27,0.0788,87.17
6,60.0,40.0,1.5,1.5,-17.2391,17.26,27,7,25.93,0.0769,82.76
6,60.0,40.0,1.5,1.6,-18.1951,18.26,32,10,31.25,0.0914,81.8
6,60.0,40.0,1.5,1.7,-20.5695,20.67,37,10,27.03,0.1001,79.43
6,60.0,40.0,1.5,1.8,-27.7338,27.87,45,10,22.22,0.0785,72.27
6,60.0,40.0,1.5,1.9,-31.9762,32.15,49,10,20.41,0.0805,68.02
6,60.0,40.0,1.5,2.0,-35.0418,35.26,55,10,18.18,0.0846,64.96
6,60.0,40.0,1.5,2.1,-34.9165,35.04,59,13,22.03,0.0959,65.08
6,60.0,40.0,1.5,2.2,-37.8877,38.07,64,14,21.88,0.1005,62.11
6,60.0,40.0,1.5,2.3,-40.6478,40.89,69,15,21.74,0.1054,59.35
6,60.0,40.0,1.5,2.4,-43.5019,43.8,76,16,21.05,0.1099,56.5
6,60.0,40.0,1.5,2.5,-43.0808,43.44,79,17,21.52,0.1218,56.92
7,60.0,40.0,0.1,1.0,-3.1759,3.18,11,2,18.18,0.1824,96.82
7,60.0,40.0,0.1,1.1,-4.1389,4.14,14,4,28.57,0.1857,95.86
7,60.0,40.0,0.1,1.2,-6.3626,6.36,20,4,20.0,0.162,93.64
7,60.0,40.0,0.1,1.3,-7.8173,7.82,24,4,16.67,0.1624,92.18
7,60.0,40.0,0.1,1.4,-7.349,7.35,24,6,25.0,0.1994,92.65
7,60.0,40.0,0.1,1.5,-9.8994,9.9,30,6,20.0,0.1816,90.1
7,60.0,40.0,0.1,1.6,-12.5465,12.55,37,8,21.62,0.1715,87.45
7,60.0,40.0,0.1,1.7,-14.8077,14.81,41,7,17.07,0.1542,85.19
7,60.0,40.0,0.1,1.8,-19.0449,19.04,50,8,16.0,0.1396,80.96
7,60.0,40.0,0.1,1.9,-19.6464,19.65,52,8,15.38,0.1515,80.35
7,60.0,40.0,0.1,2.0,-23.9487,23.95,61,8,13.11,0.1407,76.05
7,60.0,40.0,0.1,2.1,-24.8015,24.8,65,9,13.85,0.1489,75.2
7,60.0,40.0,0.1,2.2,-27.3235,27.32,72,10,13.89,0.1496,72.68
7,60.0,40.0,0.1,2.3,-27.3949,27.39,74,10,13.51,0.1614,72.61
7,60.0,40.0,0.1,2.4,-29.4261,29.43,81,11,13.58,0.1637,70.57
7,60.0,40.0,0.1,2.5,-32.9258,32.93,87,11,12.64,0.1551,67.07
7,60.0,40.0,0.2,1.0,-3.5691,3.57,11,2,18.18,0.1657,96.43
7,60.0,40.0,0.2,1.1,-4.6088,4.61,14,4,28.57,0.17,95.39
7,60.0,40.0,0.2,1.2,-6.973,6.97,20,4,20.0,0.15,93.03
7,60.0,40.0,0.2,1.3,-8.5217,8.52,24,4,16.67,0.151,91.48
7,60.0,40.0,0.2,1.4,-8.0535,8.05,24,6,25.0,0.1852,91.95
7,60.0,40.0,0.2,1.5,-10.7408,10.74,30,6,20.0,0.1698,89.26
7,60.0,40.0,0.2,1.6,-14.4556,14.46,37,7,18.92,0.138,85.54
7,60.0,40.0,0.2,1.7,-14.8393,14.84,40,7,17.5,0.1539,85.16
7,60.0,40.0,0.2,1.8,-19.266,19.27,49,8,16.33,0.1383,80.73
7,60.0,40.0,0.2,1.9,-20.4724,20.47,51,8,15.69,0.1462,79.53
7,60.0,40.0,0.2,2.0,-24.3365,24.34,60,8,13.33,0.1388,75.66
7,60.0,40.0,0.2,2.1,-25.2035,25.2,64,9,14.06,0.1469,74.8
7,60.0,40.0,0.2,2.2,-27.7943,27.79,71,10,14.08,0.1474,72.21
7,60.0,40.0,0.2,2.3,-27.8592,27.86,73,11,15.07,0.1595,72.14
7,60.0,40.0,0.2,2.4,-30.7388,30.74,80,11,13.75,0.1542,69.26
7,60.0,40.0,0.2,2.5,-36.6162,36.62,86,11,12.79,0.0942,63.38
7,60.0,40.0,0.3,1.0,-3.9624,3.96,11,2,18.18,0.1518,96.04
7,60.0,40.0,0.3,1.1,-5.0787,5.08,14,4,28.57,0.1568,94.92
7,60.0,40.0,0.3,1.2,-7.5834,7.58,20,4,20.0,0.1396,92.42
7,60.0,40.0,0.3,1.3,-9.2262,9.23,24,4,16.67,0.1411,90.77
7,60.0,40.0,0.3,1.4,-8.7579,8.76,24,6,25.0,0.1729,91.24
7,60.0,40.0,0.3,1.5,-12.5199,12.52,30,5,16.67,0.1357,87.48
7,60.0,40.0,0.3,1.6,-15.4789,15.48,37,7,18.92,0.1301,84.52
7,60.0,40.0,0.3,1.7,-15.8862,15.89,40,7,17.5,0.1452,84.11
7,60.0,40.0,0.3,1.8,-21.1124,21.11,49,8,16.33,0.1277,78.89
7,60.0,40.0,0.3,1.9,-21.805,21.81,51,8,15.69,0.1386,78.19
7,60.0,40.0,0.3,2.0,-25.8131,25.81,60,8,13.33,0.1319,74.19
7,60.0,40.0,0.3,2.1,-26.7188,26.72,64,9,14.06,0.1397,73.28
7,60.0,40.0,0.3,2.2,-29.4029,29.4,71,10,14.08,0.1405,70.6
7,60.0,40.0,0.3,2.3,-30.2897,30.29,73,10,13.7,0.1448,69.71
7,60.0,40.0,0.3,2.4,-35.5421,35.54,80,10,12.5,0.0878,64.46
7,60.0,40.0,0.3,2.5,-38.5553,38.56,86,11,12.79,0.0898,61.44
7,60.0,40.0,0.4,1.0,-4.3556,4.36,11,2,18.18,0.14,95.64
7,60.0,40.0,0.4,1.1,-5.5486,5.55,14,4,28.57,0.1454,94.45
7,60.0,40.0,0.4,1.2,-8.1939,8.19,20,4,20.0,0.1306,91.81
7,60.0,40.0,0.4,1.3,-9.9306,9.93,24,4,16.67,0.1325,90.07
7,60.0,40.0,0.4,1.4,-10.4001,10.4,24,5,20.83,0.137,89.6
7,60.0,40.0,0.4,1.5,-13.4133,13.41,30,5,16.67,0.1278,86.59
7,60.0,40.0,0.4,1.6,-15.3407,15.34,36,7,19.44,0.1311,84.66
7,60.0,40.0,0.4,1.7,-16.3317,16.33,39,7,17.95,0.1419,83.67
7,60.0,40.0,0.4,1.8,-22.4011,22.4,49,8,16.33,0.1213,77.6
7,60.0,40.0,0.4,1.9,-23.1376,23.14,51,8,15.69,0.1316,76.86
7,60.0,40.0,0.4,2.0,-27.2896,27.29,60,8,13.33,0.1257,72.71
7,60.0,40.0,0.4,2.1,-28.234,28.23,64,9,14.06,0.1333,71.77
7,60.0,40.0,0.4,2.2,-31.8155,31.82,71,9,12.68,0.1281,68.18
7,60.0,40.0,0.4,2.3,-35.0247,35.02,73,9,12.33,0.0802,64.98
7,60.0,40.0,0.4,2.4,-37.3827,37.38,80,10,12.5,0.0838,62.62
7,60.0,40.0,0.4,2.5,-40.0042,40.0,85,11,12.94,0.0869,60.0
7,60.0,40.0,0.5,1.0,-4.7488,4.75,11,2,18.18,0.1299,95.25
7,60.0,40.0,0.5,1.1,-6.0185,6.02,14,4,28.57,0.1356,93.98
7,60.0,40.0,0.5,1.2,-8.8043,8.8,20,4,20.0,0.1226,91.2
7,60.0,40.0,0.5,1.3,-11.5728,11.57,24,3,12.5,0.1072,88.43
7,60.0,40.0,0.5,1.4,-11.1566,11.16,24,5,20.83,0.129,88.84
7,60.0,40.0,0.5,1.5,-14.3068,14.31,30,5,16.67,0.1208,85.69
7,60.0,40.0,0.5,1.6,-16.8987,16.9,36,7,19.44,0.1205,83.1
7,60.0,40.0,0.5,1.7,-17.3555,17.36,39,7,17.95,0.1346,82.64
7,60.0,40.0,0.5,1.8,-23.6897,23.69,49,8,16.33,0.1154,76.31
7,60.0,40.0,0.5,1.9,-24.4702,24.47,51,8,15.69,0.1254,75.53
7,60.0,40.0,0.5,2.0,-27.5894,27.59,59,8,13.56,0.1245,72.41
7,60.0,40.0,0.5,2.1,-29.3558,29.36,63,8,12.7,0.1262,70.64
7,60.0,40.0,0.5,2.2,-35.3144,35.31,70,8,11.43,0.0715,64.69
7,60.0,40.0,0.5,2.3,-35.5571,35.56,72,9,12.5,0.0791,64.44
7,60.0,40.0,0.5,2.4,-38.5642,38.56,79,10,12.66,0.0814,61.44
7,60.0,40.0,0.5,2.5,-41.1068,41.11,83,10,12.05,0.0687,58.89
7,60.0,40.0,0.6,1.0,-5.1421,5.14,11,2,18.18,0.1212,94.86
7,60.0,40.0,0.6,1.1,-6.4885,6.49,14,4,28.57,0.1271,93.51
7,60.0,40.0,0.6,1.2,-8.9664,8.97,19,3,15.79,0.1142,91.03
7,60.0,40.0,0.6,1.3,-10.9085,10.91,23,3,13.04,0.113,89.09
7,60.0,40.0,0.6,1.4,-10.4575,10.46,23,5,21.74,0.1364,89.54
7,60.0,40.0,0.6,1.5,-14.2953,14.3,29,5,17.24,0.1209,85.7
7,60.0,40.0,0.6,1.6,-16.3737,16.37,35,8,22.86,0.1242,83.63
7,60.0,40.0,0.6,1.7,-16.8192,16.82,38,8,21.05,0.1402,83.18
7,60.0,40.0,0.6,1.8,-23.3835,23.38,48,9,18.75,0.1193,76.62
7,60.0,40.0,0.6,1.9,-24.1731,24.17,50,9,18.0,0.1302,75.83
7,60.0,40.0,0.6,2.0,-28.0338,28.03,57,8,14.04,0.1249,71.97
7,60.0,40.0,0.6,2.1,-30.9411,30.94,60,8,13.33,0.0769,69.06
7,60.0,40.0,0.6,2.2,-35.7301,35.73,68,8,11.76,0.0707,64.27
7,60.0,40.0,0.6,2.3,-36.5937,36.59,70,9,12.86,0.0771,63.41
7,60.0,40.0,0.6,2.4,-40.1604,40.16,77,9,11.69,0.063,59.84
7,60.0,40.0,0.6,2.5,-41.7444,41.74,81,10,12.35,0.0678,58.26
7,60.0,40.0,0.7,1.0,-5.5353,5.54,11,2,18.18,0.1136,94.46
7,60.0,40.0,0.7,1.1,-7.8959,7.9,14,3,21.43,0.1045,92.1
7,60.0,40.0,0.7,1.2,-9.5592,9.56,19,3,15.79,0.1079,90.44
7,60.0,40.0,0.7,1.3,-11.5954,11.6,23,3,13.04,0.107,88.4
7,60.0,40.0,0.7,1.4,-11.1443,11.14,23,5,21.74,0.1291,88.86
7,60.0,40.0,0.7,1.5,-15.1469,15.15,29,5,17.24,0.1149,84.85
7,60.0,40.0,0.7,1.6,-17.3043,17.3,35,8,22.86,0.1183,82.7
7,60.0,40.0,0.7,1.7,-17.7733,17.77,38,8,21.05,0.1337,82.23
7,60.0,40.0,0.7,1.8,-24.6025,24.6,48,9,18.75,0.1141,75.4
7,60.0,40.0,0.7,1.9,-26.2401,26.24,50,8,16.0,0.1201,73.76
7,60.0,40.0,0.7,2.0,-32.5084,32.51,57,7,12.28,0.0653,67.49
7,60.0,40.0,0.7,2.1,-32.4515,32.45,60,8,13.33,0.0736,67.55
7,60.0,40.0,0.7,2.2,-38.0047,38.0,68,8,11.76,0.0668,62.0
7,60.0,40.0,0.7,2.3,-39.8911,39.89,70,8,11.43,0.0565,60.11
7,60.0,40.0,0.7,2.4,-42.5338,42.53,77,9,11.69,0.0597,57.47
7,60.0,40.0,0.7,2.5,-43.6115,43.61,81,10,12.35,0.0651,56.39
7,60.0,40.0,0.8,1.0,-6.8661,6.87,11,2,18.18,0.0937,93.13
7,60.0,40.0,0.8,1.1,-8.4179,8.42,14,3,21.43,0.0987,91.58
7,60.0,40.0,0.8,1.2,-10.152,10.15,19,3,15.79,0.1022,89.85
7,60.0,40.0,0.8,1.3,-12.2822,12.28,23,3,13.04,0.1016,87.72
7,60.0,40.0,0.8,1.4,-11.8311,11.83,23,5,21.74,0.1226,88.17
7,60.0,40.0,0.8,1.5,-15.9986,16.0,29,5,17.24,0.1095,84.0
7,60.0,40.0,0.8,1.6,-18.2348,18.23,35,8,22.86,0.113,81.77
7,60.0,40.0,0.8,1.7,-18.7275,18.73,38,8,21.05,0.1277,81.27
7,60.0,40.0,0.8,1.8,-25.2094,25.21,47,8,17.02,0.1115,74.79
7,60.0,40.0,0.8,1.9,-29.1711,29.17,49,7,14.29,0.0631,70.83
7,60.0,40.0,0.8,2.0,-31.2663,31.27,55,7,12.73,0.0677,68.73
7,60.0,40.0,0.8,2.1,-31.7647,31.76,58,8,13.79,0.0751,68.24
7,60.0,40.0,0.8,2.2,-36.5663,36.57,65,9,13.85,0.06,63.43
7,60.0,40.0,0.8,2.3,-38.1683,38.17,68,10,14.71,0.0655,61.83
7,60.0,40.0,0.8,2.4,-40.2429,40.24,75,11,14.67,0.0704,59.76
7,60.0,40.0,0.8,2.5,-41.2725,41.27,79,12,15.19,0.077,58.73
7,60.0,40.0,0.9,1.0,-5.2819,5.28,10,2,20.0,0.1184,94.72
7,60.0,40.0,0.9,1.1,-6.8575,6.89,13,4,30.77,0.1221,93.14
7,60.0,40.0,0.9,1.2,-8.6097,8.69,18,4,22.22,0.1259,91.39
7,60.0,40.0,0.9,1.3,-10.781,10.78,22,4,18.18,0.1241,89.22
7,60.0,40.0,0.9,1.4,-10.2771,10.28,22,6,27.27,0.152,89.72
7,60.0,40.0,0.9,1.5,-13.1041,13.1,27,6,22.22,0.1443,86.9
7,60.0,40.0,0.9,1.6,-15.3392,15.34,33,9,27.27,0.1458,84.66
7,60.0,40.0,0.9,1.7,-16.5794,16.58,36,9,25.0,0.1572,83.42
7,60.0,40.0,0.9,1.8,-24.1172,24.12,44,8,18.18,0.0787,75.88
7,60.0,40.0,0.9,1.9,-26.4616,26.46,47,8,17.02,0.0838,73.54
7,60.0,40.0,0.9,2.0,-29.1391,29.14,53,8,15.09,0.0871,70.86
7,60.0,40.0,0.9,2.1,-30.562,30.56,56,9,16.07,0.0785,69.44
7,60.0,40.0,0.9,2.2,-33.8443,33.84,63,11,17.46,0.0813,66.16
7,60.0,40.0,0.9,2.3,-35.4276,35.43,66,12,18.18,0.0881,64.57
7,60.0,40.0,0.9,2.4,-37.4736,37.47,73,13,17.81,0.0937,62.53
7,60.0,40.0,0.9,2.5,-37.2037,37.2,76,14,18.42,0.1046,62.8
7,60.0,40.0,1.0,1.0,-5.6215,5.62,10,2,20.0,0.1121,94.38
7,60.0,40.0,1.0,1.1,-6.4687,6.5,13,4,30.77,0.1285,93.53
7,60.0,40.0,1.0,1.2,-8.2534,8.33,18,4,22.22,0.1306,91.75
7,60.0,40.0,1.0,1.3,-8.8889,8.89,21,4,19.05,0.1466,91.11
7,60.0,40.0,1.0,1.4,-8.315,8.4,21,6,28.57,0.1814,91.68
7,60.0,40.0,1.0,1.5,-11.1823,11.21,26,7,26.92,0.1666,88.82
7,60.0,40.0,1.0,1.6,-14.2306,14.29,32,10,31.25,0.1586,85.77
7,60.0,40.0,1.0,1.7,-17.7308,17.83,35,9,25.71,0.0924,82.27
7,60.0,40.0,1.0,1.8,-22.4012,22.54,43,10,23.26,0.0901,77.6
7,60.0,40.0,1.0,1.9,-24.7659,24.94,46,10,21.74,0.0966,75.23
7,60.0,40.0,1.0,2.0,-29.0407,29.26,52,9,17.31,0.0813,70.96
7,60.0,40.0,1.0,2.1,-28.8614,28.98,55,11,20.0,0.0933,71.14
7,60.0,40.0,1.0,2.2,-32.1671,32.35,62,13,20.97,0.0965,67.83
7,60.0,40.0,1.0,2.3,-33.7418,33.98,65,14,21.54,0.1043,66.26
7,60.0,40.0,1.0,2.4,-35.7696,36.07,72,15,20.83,0.1106,64.23
7,60.0,40.0,1.0,2.5,-35.4298,35.78,75,16,21.33,0.1235,64.57
7,60.0,40.0,1.1,1.0,-5.9611,5.96,10,2,20.0,0.1064,94.04
7,60.0,40.0,1.1,1.1,-6.8467,6.88,13,4,30.77,0.1223,93.15
7,60.0,40.0,1.1,1.2,-8.7022,8.78,18,4,22.22,0.1248,91.3
7,60.0,40.0,1.1,1.3,-9.3686,9.37,21,4,19.05,0.1402,90.63
7,60.0,40.0,1.1,1.4,-8.7948,8.87,21,6,28.57,0.1732,91.21
7,60.0,40.0,1.1,1.5,-12.5764,12.6,26,7,26.92,0.1509,87.42
7,60.0,40.0,1.1,1.6,-18.0104,18.07,32,9,28.12,0.0724,81.99
7,60.0,40.0,1.1,1.7,-18.5686,18.67,35,9,25.71,0.0886,81.43
7,60.0,40.0,1.1,1.8,-23.4065,23.55,43,10,23.26,0.0866,76.59
7,60.0,40.0,1.1,1.9,-27.4465,27.62,46,9,19.57,0.074,72.55
7,60.0,40.0,1.1,2.0,-30.2711,30.49,52,9,17.31,0.0782,69.73
7,60.0,40.0,1.1,2.1,-30.0918,30.21,55,11,20.0,0.0899,69.91
7,60.0,40.0,1.1,2.2,-33.4908,33.67,62,13,20.97,0.093,66.51
7,60.0,40.0,1.1,2.3,-35.127,35.37,65,14,21.54,0.1006,64.87
7,60.0,40.0,1.1,2.4,-37.2064,37.5,72,15,20.83,0.1068,62.79
7,60.0,40.0,1.1,2.5,-36.8665,37.22,75,16,21.33,0.1193,63.13
7,60.0,40.0,1.2,1.0,-6.3008,6.3,10,2,20.0,0.1013,93.7
7,60.0,40.0,1.2,1.1,-7.2247,7.25,13,4,30.77,0.1166,92.78
7,60.0,40.0,1.2,1.2,-9.1511,9.23,18,4,22.22,0.1194,90.85
7,60.0,40.0,1.2,1.3,-9.8484,9.85,21,4,19.05,0.1343,90.15
7,60.0,40.0,1.2,1.4,-10.0788,10.16,21,6,28.57,0.1546,89.92
7,60.0,40.0,1.2,1.5,-16.2775,16.3,26,6,23.08,0.0619,83.72
7,60.0,40.0,1.2,1.6,-17.2162,17.28,31,9,29.03,0.0755,82.78
7,60.0,40.0,1.2,1.7,-17.7715,17.87,34,9,26.47,0.0922,82.23
7,60.0,40.0,1.2,1.8,-24.3355,24.48,42,9,21.43,0.0695,75.66
7,60.0,40.0,1.2,1.9,-26.9071,27.09,45,9,20.0,0.0754,73.09
7,60.0,40.0,1.2,2.0,-29.7873,30.0,51,9,17.65,0.0794,70.21
7,60.0,40.0,1.2,2.1,-29.5815,29.7,54,12,22.22,0.0914,70.42
7,60.0,40.0,1.2,2.2,-33.0474,33.23,61,14,22.95,0.0949,66.95
7,60.0,40.0,1.2,2.3,-34.7186,34.96,64,15,23.44,0.103,65.28
7,60.0,40.0,1.2,2.4,-36.8231,37.12,71,16,22.54,0.1097,63.18
7,60.0,40.0,1.2,2.5,-37.4213,37.78,74,16,21.62,0.118,62.58
7,60.0,40.0,1.3,1.0,-3.901,3.96,9,3,33.33,0.1645,96.1
7,60.0,40.0,1.3,1.1,-4.8024,4.83,12,5,41.67,0.1826,95.2
7,60.0,40.0,1.3,1.2,-6.7389,6.82,17,5,29.41,0.1741,93.26
7,60.0,40.0,1.3,1.3,-8.2106,8.21,20,5,25.0,0.1772,91.79
7,60.0,40.0,1.3,1.4,-10.6875,10.77,20,6,30.0,0.0931,89.31
7,60.0,40.0,1.3,1.5,-13.9693,13.99,25,7,28.0,0.0932,86.03
7,60.0,40.0,1.3,1.6,-14.8732,14.94,30,10,33.33,0.1095,85.13
7,60.0,40.0,1.3,1.7,-15.3913,15.49,33,10,30.3,0.1294,84.61
7,60.0,40.0,1.3,1.8,-22.1149,22.25,41,10,24.39,0.0965,77.89
7,60.0,40.0,1.3,1.9,-26.0554,26.23,45,10,22.22,0.097,73.94
7,60.0,40.0,1.3,2.0,-28.9568,29.17,51,10,19.61,0.1005,71.04
7,60.0,40.0,1.3,2.1,-28.6902,28.81,54,13,24.07,0.1144,71.31
7,60.0,40.0,1.3,2.2,-32.1885,32.37,61,15,24.59,0.1168,67.81
7,60.0,40.0,1.3,2.3,-33.8603,34.1,64,16,25.0,0.125,66.14
7,60.0,40.0,1.3,2.4,-36.9201,37.22,71,16,22.54,0.127,63.08
7,60.0,40.0,1.3,2.5,-37.1686,37.52,74,17,22.97,0.1385,62.83
7,60.0,40.0,1.4,1.0,-4.1189,4.18,9,3,33.33,0.1572,95.88
7,60.0,40.0,1.4,1.1,-5.0587,5.09,12,5,41.67,0.175,94.94
7,60.0,40.0,1.4,1.2,-7.066,7.15,17,5,29.41,0.1674,92.93
7,60.0,40.0,1.4,1.3,-11.6806,11.68,20,4,20.0,0.0667,88.32
7,60.0,40.0,1.4,1.4,-11.1909,11.27,20,6,30.0,0.0893,88.81
7,60.0,40.0,1.4,1.5,-14.5829,14.61,25,7,28.0,0.0896,85.42
7,60.0,40.0,1.4,1.6,-15.5129,15.58,30,10,33.33,0.1055,84.49
7,60.0,40.0,1.4,1.7,-16.0545,16.16,33,10,30.3,0.1247,83.95
7,60.0,40.0,1.4,1.8,-22.9984,23.14,41,10,24.39,0.0931,77.0
7,60.0,40.0,1.4,1.9,-27.0899,27.27,45,10,22.22,0.0937,72.91
7,60.0,40.0,1.4,2.0,-30.0734,30.29,51,10,19.61,0.0972,69.93
7,60.0,40.0,1.4,2.1,-29.8067,29.93,54,13,24.07,0.1105,70.19
7,60.0,40.0,1.4,2.2,-33.3984,33.58,61,15,24.59,0.113,66.6
7,60.0,40.0,1.4,2.3,-36.0962,36.33,64,15,23.44,0.1171,63.9
7,60.0,40.0,1.4,2.4,-38.9186,39.22,71,16,22.54,0.1213,61.08
7,60.0,40.0,1.4,2.5,-38.5347,38.89,74,17,22.97,0.1342,61.47
7,60.0,40.0,1.5,1.0,-4.3368,4.39,9,3,33.33,0.1505,95.66
7,60.0,40.0,1.5,1.1,-5.315,5.35,12,5,41.67,0.168,94.68
7,60.0,40.0,1.5,1.2,-10.4745,10.55,17,4,23.53,0.0543,89.53
7,60.0,40.0,1.5,1.3,-12.1841,12.18,20,4,20.0,0.0641,87.82
7,60.0,40.0,1.5,1.4,-11.6944,11.77,20,6,30.0,0.0858,88.31
7,60.0,40.0,1.5,1.5,-15.1965,15.22,25,7,28.0,0.0863,84.8
7,60.0,40.0,1.5,1.6,-16.1525,16.22,30,10,33.33,0.1017,83.85
7,60.0,40.0,1.5,1.7,-16.7177,16.82,33,10,30.3,0.1204,83.28
7,60.0,40.0,1.5,1.8,-23.882,24.02,41,10,24.39,0.09,76.12
7,60.0,40.0,1.5,1.9,-28.1244,28.3,45,10,22.22,0.0905,71.88
7,60.0,40.0,1.5,2.0,-31.1899,31.41,51,10,19.61,0.094,68.81
7,60.0,40.0,1.5,2.1,-30.9233,31.05,54,13,24.07,0.107,69.08
7,60.0,40.0,1.5,2.2,-35.5729,35.75,61,14,22.95,0.1063,64.43
7,60.0,40.0,1.5,2.3,-37.3936,37.63,64,15,23.44,0.1135,62.61
7,60.0,40.0,1.5,2.4,-40.2848,40.58,71,16,22.54,0.1176,59.72
7,60.0,40.0,1.5,2.5,-39.9008,40.26,74,17,22.97,0.1303,60.1
8,60.0,40.0,0.1,1.0,-3.1759,3.18,11,2,18.18,0.1824,96.82
8,60.0,40.0,0.1,1.1,-4.1389,4.14,14,4,28.57,0.1857,95.86
8,60.0,40.0,0.1,1.2,-6.3626,6.36,20,4,20.0,0.162,93.64
8,60.0,40.0,0.1,1.3,-7.8173,7.82,24,4,16.67,0.1624,92.18
8,60.0,40.0,0.1,1.4,-7.349,7.35,24,6,25.0,0.1994,92.65
8,60.0,40.0,0.1,1.5,-9.8994,9.9,30,6,20.0,0.1816,90.1
8,60.0,40.0,0.1,1.6,-11.3955,11.4,35,8,22.86,0.1856,88.6
8,60.0,40.0,0.1,1.7,-13.6567,13.66,39,7,17.95,0.165,86.34
8,60.0,40.0,0.1,1.8,-17.1782,17.18,46,8,17.39,0.1525,82.82
8,60.0,40.0,0.1,1.9,-17.8022,17.8,48,8,16.67,0.1646,82.2
8,60.0,40.0,0.1,2.0,-22.1271,22.13,57,8,14.04,0.1506,77.87
8,60.0,40.0,0.1,2.1,-23.0025,23.0,61,9,14.75,0.1587,77.0
8,60.0,40.0,0.1,2.2,-25.5471,25.55,68,10,14.71,0.1583,74.45
8,60.0,40.0,0.1,2.3,-25.6411,25.64,70,10,14.29,0.1706,74.36
8,60.0,40.0,0.1,2.4,-27.6949,27.69,77,11,14.29,0.1721,72.31
8,60.0,40.0,0.1,2.5,-31.2172,31.22,83,10,12.05,0.1618,68.78
8,60.0,40.0,0.2,1.0,-3.5691,3.57,11,2,18.18,0.1657,96.43
8,60.0,40.0,0.2,1.1,-4.6088,4.61,14,4,28.57,0.17,95.39
8,60.0,40.0,0.2,1.2,-6.973,6.97,20,4,20.0,0.15,93.03
8,60.0,40.0,0.2,1.3,-8.5217,8.52,24,4,16.67,0.151,91.48
8,60.0,40.0,0.2,1.4,-8.0535,8.05,24,6,25.0,0.1852,91.95
8,60.0,40.0,0.2,1.5,-10.7408,10.74,30,6,20.0,0.1698,89.26
8,60.0,40.0,0.2,1.6,-13.2537,13.25,35,7,20.0,0.1486,86.75
8,60.0,40.0,0.2,1.7,-13.6374,13.64,38,7,18.42,0.1652,86.36
8,60.0,40.0,0.2,1.8,-17.3257,17.33,45,8,17.78,0.1514,82.67
8,60.0,40.0,0.2,1.9,-18.5547,18.55,47,8,17.02,0.159,81.45
8,60.0,40.0,0.2,2.0,-22.4414,22.44,56,8,14.29,0.1488,77.56
8,60.0,40.0,0.2,2.1,-23.331,23.33,60,9,15.0,0.1569,76.67
8,60.0,40.0,0.2,2.2,-25.9444,25.94,67,10,14.93,0.1563,74.06
8,60.0,40.0,0.2,2.3,-26.0319,26.03,69,11,15.94,0.1688,73.97
8,60.0,40.0,0.2,2.4,-28.934,28.93,76,11,14.47,0.1623,71.07
8,60.0,40.0,0.2,2.5,-34.8341,34.83,82,10,12.2,0.0982,65.17
8,60.0,40.0,0.3,1.0,-3.9624,3.96,11,2,18.18,0.1518,96.04
8,60.0,40.0,0.3,1.1,-5.0787,5.08,14,4,28.57,0.1568,94.92
8,60.0,40.0,0.3,1.2,-7.5834,7.58,20,4,20.0,0.1396,92.42
8,60.0,40.0,0.3,1.3,-9.2262,9.23,24,4,16.67,0.1411,90.77
8,60.0,40.0,0.3,1.4,-8.7579,8.76,24,6,25.0,0.1729,91.24
8,60.0,40.0,0.3,1.5,-12.5199,12.52,30,5,16.67,0.1357,87.48
8,60.0,40.0,0.3,1.6,-14.226,14.23,35,7,20.0,0.1399,85.77
8,60.0,40.0,0.3,1.7,-14.6333,14.63,38,7,18.42,0.1557,85.37
8,60.0,40.0,0.3,1.8,-19.0985,19.1,45,8,17.78,0.1393,80.9
8,60.0,40.0,0.3,1.9,-19.8137,19.81,47,8,17.02,0.1504,80.19
8,60.0,40.0,0.3,2.0,-23.8444,23.84,56,8,14.29,0.1413,76.16
8,60.0,40.0,0.3,2.1,-24.7727,24.77,60,9,15.0,0.1491,75.23
8,60.0,40.0,0.3,2.2,-27.4794,27.48,67,10,14.93,0.1489,72.52
8,60.0,40.0,0.3,2.3,-28.3889,28.39,69,10,14.49,0.153,71.61
8,60.0,40.0,0.3,2.4,-33.6638,33.66,76,10,13.16,0.0922,66.34
8,60.0,40.0,0.3,2.5,-36.6996,36.7,82,10,12.2,0.0936,63.3
8,60.0,40.0,0.4,1.0,-4.3556,4.36,11,2,18.18,0.14,95.64
8,60.0,40.0,0.4,1.1,-5.5486,5.55,14,4,28.57,0.1454,94.45
8,60.0,40.0,0.4,1.2,-8.1939,8.19,20,4,20.0,0.1306,91.81
8,60.0,40.0,0.4,1.3,-9.9306,9.93,24,4,16.67,0.1325,90.07
8,60.0,40.0,0.4,1.4,-10.4001,10.4,24,5,20.83,0.137,89.6
8,60.0,40.0,0.4,1.5,-13.4133,13.41,30,5,16.67,0.1278,86.59
8,60.0,40.0,0.4,1.6,-15.1984,15.2,35,7,20.0,0.1321,84.8
8,60.0,40.0,0.4,1.7,-16.2148,16.21,38,7,18.42,0.1427,83.79
8,60.0,40.0,0.4,1.8,-20.3136,20.31,45,8,17.78,0.1321,79.69
8,60.0,40.0,0.4,1.9,-21.0728,21.07,47,8,17.02,0.1427,78.93
8,60.0,40.0,0.4,2.0,-25.2473,25.25,56,8,14.29,0.1345,74.75
8,60.0,40.0,0.4,2.1,-26.2144,26.21,60,9,15.0,0.1421,73.79
8,60.0,40.0,0.4,2.2,-29.8185,29.82,67,9,13.43,0.1356,70.18
8,60.0,40.0,0.4,2.3,-33.0502,33.05,69,9,13.04,0.0846,66.95
8,60.0,40.0,0.4,2.4,-35.4309,35.43,76,10,13.16,0.088,64.57
8,60.0,40.0,0.4,2.5,-38.0749,38.07,81,10,12.35,0.0905,61.93
8,60.0,40.0,0.5,1.0,-4.7488,4.75,11,2,18.18,0.1299,95.25
8,60.0,40.0,0.5,1.1,-6.0185,6.02,14,4,28.57,0.1356,93.98
8,60.0,40.0,0.5,1.2,-8.8043,8.8,20,4,20.0,0.1226,91.2
8,60.0,40.0,0.5,1.3,-11.5728,11.57,24,3,12.5,0.1072,88.43
8,60.0,40.0,0.5,1.4,-11.1566,11.16,24,5,20.83,0.129,88.84
8,60.0,40.0,0.5,1.5,-14.3068,14.31,30,5,16.67,0.1208,85.69
8,60.0,40.0,0.5,1.6,-16.7564,16.76,35,7,20.0,0.1214,83.24
8,60.0,40.0,0.5,1.7,-17.2386,17.24,38,7,18.42,0.1354,82.76
8,60.0,40.0,0.5,1.8,-21.5288,21.53,45,8,17.78,0.1256,78.47
8,60.0,40.0,0.5,1.9,-22.3318,22.33,47,8,17.02,0.1358,77.67
8,60.0,40.0,0.5,2.0,-25.4736,25.47,55,8,14.55,0.1335,74.53
8,60.0,40.0,0.5,2.1,-27.2626,27.26,59,8,13.56,0.1346,72.74
8,60.0,40.0,0.5,2.2,-33.2438,33.24,66,8,12.12,0.0756,66.76
8,60.0,40.0,0.5,2.3,-33.5091,33.51,68,9,13.24,0.0836,66.49
8,60.0,40.0,0.5,2.4,-36.5389,36.54,75,10,13.33,0.0856,63.46
8,60.0,40.0,0.5,2.5,-39.1041,39.1,79,9,11.39,0.0717,60.9
8,60.0,40.0,0.6,1.0,-5.1421,5.14,11,2,18.18,0.1212,94.86
8,60.0,40.0,0.6,1.1,-6.4885,6.49,14,4,28.57,0.1271,93.51
8,60.0,40.0,0.6,1.2,-8.9664,8.97,19,3,15.79,0.1142,91.03
8,60.0,40.0,0.6,1.3,-10.9085,10.91,23,3,13.04,0.113,89.09
8,60.0,40.0,0.6,1.4,-10.4575,10.46,23,5,21.74,0.1364,89.54
8,60.0,40.0,0.6,1.5,-14.2953,14.3,29,5,17.24,0.1209,85.7
8,60.0,40.0,0.6,1.6,-16.2314,16.23,34,8,23.53,0.1251,83.77
8,60.0,40.0,0.6,1.7,-16.7024,16.7,37,8,21.62,0.141,83.3
8,60.0,40.0,0.6,1.8,-21.149,21.15,44,9,20.45,0.1303,78.85
8,60.0,40.0,0.6,1.9,-21.9611,21.96,46,9,19.57,0.1415,78.04
8,60.0,40.0,0.6,2.0,-25.8445,25.84,53,8,15.09,0.1341,74.16
8,60.0,40.0,0.6,2.1,-28.7744,28.77,56,8,14.29,0.0823,71.23
8,60.0,40.0,0.6,2.2,-33.586,33.59,64,8,12.5,0.0749,66.41
8,60.0,40.0,0.6,2.3,-34.4722,34.47,66,9,13.64,0.0814,65.53
8,60.0,40.0,0.6,2.4,-38.0615,38.06,73,9,12.33,0.0663,61.94
8,60.0,40.0,0.6,2.5,-39.6681,39.67,77,9,11.69,0.0707,60.33
8,60.0,40.0,0.7,1.0,-5.5353,5.54,11,2,18.18,0.1136,94.46
8,60.0,40.0,0.7,1.1,-7.8959,7.9,14,3,21.43,0.1045,92.1
8,60.0,40.0,0.7,1.2,-9.5592,9.56,19,3,15.79,0.1079,90.44
8,60.0,40.0,0.7,1.3,-11.5954,11.6,23,3,13.04,0.107,88.4
8,60.0,40.0,0.7,1.4,-11.1443,11.14,23,5,21.74,0.1291,88.86
8,60.0,40.0,0.7,1.5,-15.1469,15.15,29,5,17.24,0.1149,84.85
8,60.0,40.0,0.7,1.6,-17.162,17.16,34,8,23.53,0.1192,82.84
8,60.0,40.0,0.7,1.7,-17.6565,17.66,37,8,21.62,0.1344,82.34
8,60.0,40.0,0.7,1.8,-22.2945,22.29,44,9,20.45,0.1244,77.71
8,60.0,40.0,0.7,1.9,-23.9546,23.95,46,8,17.39,0.1301,76.05
8,60.0,40.0,0.7,2.0,-30.2455,30.25,53,7,13.21,0.0699,69.75
8,60.0,40.0,0.7,2.1,-30.2112,30.21,56,8,14.29,0.0786,69.79
8,60.0,40.0,0.7,2.2,-35.787,35.79,64,8,12.5,0.0706,64.21
8,60.0,40.0,0.7,2.3,-37.696,37.7,66,8,12.12,0.0596,62.3
8,60.0,40.0,0.7,2.4,-40.3613,40.36,73,9,12.33,0.0627,59.64
8,60.0,40.0,0.7,2.5,-41.4616,41.46,77,9,11.69,0.0679,58.54
8,60.0,40.0,0.8,1.0,-6.8661,6.87,11,2,18.18,0.0937,93.13
8,60.0,40.0,0.8,1.1,-8.4179,8.42,14,3,21.43,0.0987,91.58
8,60.0,40.0,0.8,1.2,-10.152,10.15,19,3,15.79,0.1022,89.85
8,60.0,40.0,0.8,1.3,-12.2822,12.28,23,3,13.04,0.1016,87.72
8,60.0,40.0,0.8,1.4,-11.8311,11.83,23,5,21.74,0.1226,88.17
8,60.0,40.0,0.8,1.5,-15.9986,16.0,29,5,17.24,0.1095,84.0
8,60.0,40.0,0.8,1.6,-18.0925,18.09,34,8,23.53,0.1138,81.91
8,60.0,40.0,0.8,1.7,-18.6106,18.61,37,8,21.62,0.1284,81.39
8,60.0,40.0,0.8,1.8,-24.2441,24.24,44,8,18.18,0.1154,75.76
8,60.0,40.0,0.8,1.9,-28.2538,28.25,46,7,15.22,0.065,71.75
8,60.0,40.0,0.8,2.0,-30.3972,30.4,52,7,13.46,0.0695,69.6
8,60.0,40.0,0.8,2.1,-30.9436,30.94,55,8,14.55,0.0769,69.06
8,60.0,40.0,0.8,2.2,-35.7933,35.79,62,8,12.9,0.0609,64.21
8,60.0,40.0,0.8,2.3,-36.6894,36.69,64,9,14.06,0.0671,63.31
8,60.0,40.0,0.8,2.4,-38.8121,38.81,71,10,14.08,0.0715,61.19
8,60.0,40.0,0.8,2.5,-39.8898,39.89,75,10,13.33,0.0773,60.11
8,60.0,40.0,0.9,1.0,-5.2819,5.28,10,2,20.0,0.1184,94.72
8,60.0,40.0,0.9,1.1,-6.8575,6.89,13,4,30.77,0.1221,93.14
8,60.0,40.0,0.9,1.2,-8.6097,8.69,18,4,22.22,0.1259,91.39
8,60.0,40.0,0.9,1.3,-10.781,10.78,22,4,18.18,0.1241,89.22
8,60.0,40.0,0.9,1.4,-10.2771,10.28,22,6,27.27,0.152,89.72
8,60.0,40.0,0.9,1.5,-13.1041,13.1,27,6,22.22,0.1443,86.9
8,60.0,40.0,0.9,1.6,-15.1969,15.2,32,9,28.12,0.147,84.8
8,60.0,40.0,0.9,1.7,-16.4625,16.46,35,9,25.71,0.1581,83.54
8,60.0,40.0,0.9,1.8,-23.1293,23.13,41,8,19.51,0.0818,76.87
8,60.0,40.0,0.9,1.9,-25.5217,25.52,44,8,18.18,0.0866,74.48
8,60.0,40.0,0.9,2.0,-28.2474,28.25,50,8,16.0,0.0896,71.75
8,60.0,40.0,0.9,2.1,-29.7184,29.72,53,9,16.98,0.0805,70.28
8,60.0,40.0,0.9,2.2,-33.0488,33.05,60,10,16.67,0.0829,66.95
8,60.0,40.0,0.9,2.3,-33.9006,33.9,62,11,17.74,0.0908,66.1
8,60.0,40.0,0.9,2.4,-35.9948,35.99,69,12,17.39,0.0957,64.01
8,60.0,40.0,0.9,2.5,-35.7729,35.77,72,12,16.67,0.1061,64.23
8,60.0,40.0,1.0,1.0,-5.6215,5.62,10,2,20.0,0.1121,94.38
8,60.0,40.0,1.0,1.1,-6.4687,6.5,13,4,30.77,0.1285,93.53
8,60.0,40.0,1.0,1.2,-8.2534,8.33,18,4,22.22,0.1306,91.75
8,60.0,40.0,1.0,1.3,-8.8889,8.89,21,4,19.05,0.1466,91.11
8,60.0,40.0,1.0,1.4,-8.315,8.4,21,6,28.57,0.1814,91.68
8,60.0,40.0,1.0,1.5,-11.1823,11.21,26,7,26.92,0.1666,88.82
8,60.0,40.0,1.0,1.6,-14.0883,14.15,31,10,32.26,0.1599,85.91
8,60.0,40.0,1.0,1.7,-17.614,17.72,34,9,26.47,0.0929,82.39
8,60.0,40.0,1.0,1.8,-21.3907,21.53,40,10,25.0,0.094,78.61
8,60.0,40.0,1.0,1.9,-23.8035,23.98,43,10,23.26,0.1001,76.2
8,60.0,40.0,1.0,2.0,-28.1264,28.34,49,9,18.37,0.0837,71.87
8,60.0,40.0,1.0,2.1,-27.9951,28.12,52,11,21.15,0.0959,72.0
8,60.0,40.0,1.0,2.2,-31.3489,31.53,59,12,20.34,0.0985,68.65
8,60.0,40.0,1.0,2.3,-32.1668,32.41,61,13,21.31,0.108,67.83
8,60.0,40.0,1.0,2.4,-34.2427,34.54,68,14,20.59,0.1136,65.76
8,60.0,40.0,1.0,2.5,-33.9509,34.31,71,14,19.72,0.126,66.05
8,60.0,40.0,1.1,1.0,-5.9611,5.96,10,2,20.0,0.1064,94.04
8,60.0,40.0,1.1,1.1,-6.8467,6.88,13,4,30.77,0.1223,93.15
8,60.0,40.0,1.1,1.2,-8.7022,8.78,18,4,22.22,0.1248,91.3
8,60.0,40.0,1.1,1.3,-9.3686,9.37,21,4,19.05,0.1402,90.63
8,60.0,40.0,1.1,1.4,-8.7948,8.87,21,6,28.57,0.1732,91.21
8,60.0,40.0,1.1,1.5,-12.5764,12.6,26,7,26.92,0.1509,87.42
8,60.0,40.0,1.1,1.6,-17.8681,17.93,31,9,29.03,0.073,82.13
8,60.0,40.0,1.1,1.7,-18.4517,18.55,34,9,26.47,0.0891,81.55
8,60.0,40.0,1.1,1.8,-22.3734,22.51,40,10,25.0,0.0902,77.63
8,60.0,40.0,1.1,1.9,-26.4615,26.64,43,9,20.93,0.0766,73.54
8,60.0,40.0,1.1,2.0,-29.3342,29.55,49,9,18.37,0.0805,70.67
8,60.0,40.0,1.1,2.1,-29.2029,29.33,52,11,21.15,0.0923,70.8
8,60.0,40.0,1.1,2.2,-32.65,32.83,59,12,20.34,0.0949,67.35
8,60.0,40.0,1.1,2.3,-33.5039,33.74,61,13,21.31,0.1041,66.5
8,60.0,40.0,1.1,2.4,-35.6313,35.93,68,14,20.59,0.1097,64.37
8,60.0,40.0,1.1,2.5,-35.3396,35.69,71,14,19.72,0.1216,64.66
8,60.0,40.0,1.2,1.0,-6.3008,6.3,10,2,20.0,0.1013,93.7
8,60.0,40.0,1.2,1.1,-7.2247,7.25,13,4,30.77,0.1166,92.78
8,60.0,40.0,1.2,1.2,-9.1511,9.23,18,4,22.22,0.1194,90.85
8,60.0,40.0,1.2,1.3,-9.8484,9.85,21,4,19.05,0.1343,90.15
8,60.0,40.0,1.2,1.4,-10.0788,10.16,21,6,28.57,0.1546,89.92
8,60.0,40.0,1.2,1.5,-16.2775,16.3,26,6,23.08,0.0619,83.72
8,60.0,40.0,1.2,1.6,-17.0739,17.14,30,9,30.0,0.0761,82.93
8,60.0,40.0,1.2,1.7,-17.6546,17.76,33,9,27.27,0.0927,82.35
8,60.0,40.0,1.2,1.8,-23.2798,23.42,39,9,23.08,0.0724,76.72
8,60.0,40.0,1.2,1.9,-25.8995,26.08,42,9,21.43,0.0781,74.1
8,60.0,40.0,1.2,2.0,-28.8278,29.04,48,9,18.75,0.0818,71.17
8,60.0,40.0,1.2,2.1,-28.6701,28.79,51,12,23.53,0.0941,71.33
8,60.0,40.0,1.2,2.2,-32.1841,32.36,58,13,22.41,0.097,67.82
8,60.0,40.0,1.2,2.3,-33.0474,33.29,60,14,23.33,0.1068,66.95
8,60.0,40.0,1.2,2.4,-35.2,35.5,67,15,22.39,0.1128,64.8
8,60.0,40.0,1.2,2.5,-35.8463,36.2,70,14,20.0,0.1203,64.15
8,60.0,40.0,1.3,1.0,-3.901,3.96,9,3,33.33,0.1645,96.1
8,60.0,40.0,1.3,1.1,-4.8024,4.83,12,5,41.67,0.1826,95.2
8,60.0,40.0,1.3,1.2,-6.7389,6.82,17,5,29.41,0.1741,93.26
8,60.0,40.0,1.3,1.3,-8.2106,8.21,20,5,25.0,0.1772,91.79
8,60.0,40.0,1.3,1.4,-10.6875,10.77,20,6,30.0,0.0931,89.31
8,60.0,40.0,1.3,1.5,-13.9693,13.99,25,7,28.0,0.0932,86.03
8,60.0,40.0,1.3,1.6,-14.7309,14.79,29,10,34.48,0.1105,85.27
8,60.0,40.0,1.3,1.7,-15.2745,15.38,32,10,31.25,0.1303,84.73
8,60.0,40.0,1.3,1.8,-21.0366,21.18,38,10,26.32,0.101,78.96
8,60.0,40.0,1.3,1.9,-25.0252,25.2,42,10,23.81,0.1006,74.97
8,60.0,40.0,1.3,2.0,-27.9747,28.19,48,10,20.83,0.1037,72.03
8,60.0,40.0,1.3,2.1,-27.7562,27.88,51,13,25.49,0.1177,72.24
8,60.0,40.0,1.3,2.2,-31.3026,31.48,58,14,24.14,0.1194,68.7
8,60.0,40.0,1.3,2.3,-32.141,32.38,60,15,25.0,0.13,67.86
8,60.0,40.0,1.3,2.4,-35.2489,35.55,67,15,22.39,0.1309,64.75
8,60.0,40.0,1.3,2.5,-35.5454,35.9,70,15,21.43,0.1418,64.45
8,60.0,40.0,1.4,1.0,-4.1189,4.18,9,3,33.33,0.1572,95.88
8,60.0,40.0,1.4,1.1,-5.0587,5.09,12,5,41.67,0.175,94.94
8,60.0,40.0,1.4,1.2,-7.066,7.15,17,5,29.41,0.1674,92.93
8,60.0,40.0,1.4,1.3,-11.6806,11.68,20,4,20.0,0.0667,88.32
8,60.0,40.0,1.4,1.4,-11.1909,11.27,20,6,30.0,0.0893,88.81
8,60.0,40.0,1.4,1.5,-14.5829,14.61,25,7,28.0,0.0896,85.42
8,60.0,40.0,1.4,1.6,-15.3705,15.43,29,10,34.48,0.1064,84.63
8,60.0,40.0,1.4,1.7,-15.9377,16.04,32,10,31.25,0.1255,84.06
8,60.0,40.0,1.4,1.8,-21.8976,22.04,38,10,26.32,0.0974,78.1
8,60.0,40.0,1.4,1.9,-26.0371,26.22,42,10,23.81,0.0971,73.96
8,60.0,40.0,1.4,2.0,-29.0687,29.29,48,10,20.83,0.1002,70.93
8,60.0,40.0,1.4,2.1,-28.8501,28.97,51,13,25.49,0.1138,71.15
8,60.0,40.0,1.4,2.2,-32.4899,32.67,58,14,24.14,0.1156,67.51
8,60.0,40.0,1.4,2.3,-34.3288,34.57,60,14,23.33,0.1216,65.67
8,60.0,40.0,1.4,2.4,-37.1994,37.5,67,15,22.39,0.1249,62.8
8,60.0,40.0,1.4,2.5,-36.8635,37.22,70,15,21.43,0.1374,63.14
8,60.0,40.0,1.5,1.0,-4.3368,4.39,9,3,33.33,0.1505,95.66
8,60.0,40.0,1.5,1.1,-5.315,5.35,12,5,41.67,0.168,94.68
8,60.0,40.0,1.5,1.2,-10.4745,10.55,17,4,23.53,0.0543,89.53
8,60.0,40.0,1.5,1.3,-12.1841,12.18,20,4,20.0,0.0641,87.82
8,60.0,40.0,1.5,1.4,-11.6944,11.77,20,6,30.0,0.0858,88.31
8,60.0,40.0,1.5,1.5,-15.1965,15.22,25,7,28.0,0.0863,84.8
8,60.0,40.0,1.5,1.6,-16.0102,16.07,29,10,34.48,0.1025,83.99
8,60.0,40.0,1.5,1.7,-16.6009,16.7,32,10,31.25,0.1211,83.4
8,60.0,40.0,1.5,1.8,-22.7585,22.9,38,10,26.32,0.094,77.24
8,60.0,40.0,1.5,1.9,-27.0491,27.23,42,10,23.81,0.0938,72.95
8,60.0,40.0,1.5,2.0,-30.1627,30.38,48,10,20.83,0.0969,69.84
8,60.0,40.0,1.5,2.1,-29.9441,30.07,51,13,25.49,0.1101,70.06
8,60.0,40.0,1.5,2.2,-34.6418,34.82,58,13,22.41,0.1086,65.36
8,60.0,40.0,1.5,2.3,-35.5782,35.82,60,14,23.33,0.1178,64.42
8,60.0,40.0,1.5,2.4,-38.5174,38.81,67,15,22.39,0.1211,61.48
8,60.0,40.0,1.5,2.5,-38.1815,38.54,70,15,21.43,0.1333,61.82
